historical_event_count,ip_known,device_known,browser_known,operating_system_known,new_ip,new_device,new_browser,new_operating_system,unique_ip_count,unique_device_count,unique_browser_count,unique_operating_system_count,ip_diversity,device_diversity,browser_diversity,operating_system_diversity,current_ip_frequency,current_device_frequency,current_browser_frequency,current_operating_system_frequency,login_hour,login_day_of_week,seconds_since_last_event
13,1,1,1,1,0,0,0,0,3,2,1,1,0.23076923076923078,0.15384615384615385,0.07692307692307693,0.07692307692307693,6,2,10,3,8,3,590057.0
74,1,1,1,1,0,0,0,0,3,2,2,2,0.04054054054054054,0.02702702702702703,0.02702702702702703,0.02702702702702703,5,63,34,38,12,1,560511.0
79,1,1,1,1,0,0,0,0,2,1,2,2,0.02531645569620253,0.012658227848101266,0.02531645569620253,0.02531645569620253,18,36,18,8,15,6,38652.0
86,1,1,1,1,0,0,0,0,3,1,2,1,0.03488372093023256,0.011627906976744186,0.023255813953488372,0.011627906976744186,33,61,31,6,22,3,540166.0
69,1,1,1,1,0,0,0,0,3,2,1,1,0.043478260869565216,0.028985507246376812,0.014492753623188406,0.014492753623188406,16,35,4,38,9,5,413127.0
92,1,1,1,1,0,0,0,0,3,1,2,1,0.03260869565217391,0.010869565217391304,0.021739130434782608,0.010869565217391304,15,84,35,8,14,5,114640.0
48,1,1,1,1,0,0,0,0,1,2,1,1,0.020833333333333332,0.041666666666666664,0.020833333333333332,0.020833333333333332,6,28,33,46,13,1,503613.0
64,1,1,1,1,0,0,0,0,3,1,1,2,0.046875,0.015625,0.015625,0.03125,27,28,52,54,13,6,174423.0
27,1,1,1,1,0,0,0,0,3,2,1,2,0.1111111111111111,0.07407407407407407,0.037037037037037035,0.07407407407407407,3,22,1,22,19,5,402121.0
49,1,1,1,1,0,0,0,0,3,1,2,2,0.061224489795918366,0.02040816326530612,0.04081632653061224,0.04081632653061224,12,25,28,2,9,1,69320.0
46,1,1,1,1,0,0,0,0,3,2,1,2,0.06521739130434782,0.043478260869565216,0.021739130434782608,0.043478260869565216,14,4,36,27,17,3,334831.0
13,1,1,1,1,0,0,0,0,2,2,1,2,0.15384615384615385,0.15384615384615385,0.07692307692307693,0.15384615384615385,1,5,6,13,10,1,247113.0
99,1,1,1,1,0,0,0,0,3,1,1,2,0.030303030303030304,0.010101010101010102,0.010101010101010102,0.020202020202020204,3,85,28,91,11,3,400347.0
16,1,1,1,1,0,0,0,0,2,2,2,2,0.125,0.125,0.125,0.125,6,7,7,7,20,2,101035.0
36,1,1,1,1,0,0,0,0,1,1,1,2,0.027777777777777776,0.027777777777777776,0.027777777777777776,0.05555555555555555,14,26,17,26,9,6,303061.0
94,1,1,1,1,0,0,0,0,1,1,2,1,0.010638297872340425,0.010638297872340425,0.02127659574468085,0.010638297872340425,21,16,36,23,11,4,381217.0
62,1,1,1,1,0,0,0,0,2,2,1,1,0.03225806451612903,0.03225806451612903,0.016129032258064516,0.016129032258064516,4,22,60,23,21,3,423200.0
48,1,1,1,1,0,0,0,0,1,2,2,1,0.020833333333333332,0.041666666666666664,0.041666666666666664,0.020833333333333332,19,13,35,38,14,5,164695.0
12,1,1,1,1,0,0,0,0,1,1,2,1,0.08333333333333333,0.08333333333333333,0.16666666666666666,0.08333333333333333,3,9,3,9,11,5,350337.0
56,1,1,1,1,0,0,0,0,1,1,2,1,0.017857142857142856,0.017857142857142856,0.03571428571428571,0.017857142857142856,22,28,41,38,13,2,379418.0
18,1,1,1,1,0,0,0,0,2,1,2,2,0.1111111111111111,0.05555555555555555,0.1111111111111111,0.1111111111111111,1,14,8,15,7,1,298796.0
22,1,1,1,1,0,0,0,0,1,2,1,2,0.045454545454545456,0.09090909090909091,0.045454545454545456,0.09090909090909091,2,4,13,18,9,2,559517.0
99,1,1,1,1,0,0,0,0,2,1,1,2,0.020202020202020204,0.010101010101010102,0.010101010101010102,0.020202020202020204,29,30,3,15,22,2,291728.0
49,1,1,1,1,0,0,0,0,3,1,1,1,0.061224489795918366,0.02040816326530612,0.02040816326530612,0.02040816326530612,12,33,25,22,22,1,345806.0
56,1,1,1,1,0,0,0,0,2,2,1,2,0.03571428571428571,0.03571428571428571,0.017857142857142856,0.03571428571428571,10,31,30,48,14,1,13129.0
39,1,1,1,1,0,0,0,0,3,1,2,2,0.07692307692307693,0.02564102564102564,0.05128205128205128,0.05128205128205128,3,12,22,13,8,4,406590.0
16,1,1,1,1,0,0,0,0,1,1,2,2,0.0625,0.0625,0.125,0.125,6,16,13,6,8,4,554009.0
97,1,1,1,1,0,0,0,0,1,1,1,1,0.010309278350515464,0.010309278350515464,0.010309278350515464,0.010309278350515464,27,54,36,31,20,3,488841.0
96,1,1,1,1,0,0,0,0,1,1,2,2,0.010416666666666666,0.010416666666666666,0.020833333333333332,0.020833333333333332,14,60,50,87,11,6,566122.0
22,1,1,1,1,0,0,0,0,1,2,1,1,0.045454545454545456,0.09090909090909091,0.045454545454545456,0.045454545454545456,5,22,22,4,21,0,452773.0
85,1,1,1,1,0,0,0,0,3,1,2,1,0.03529411764705882,0.011764705882352941,0.023529411764705882,0.011764705882352941,22,40,27,2,19,2,400193.0
43,1,1,1,1,0,0,0,0,2,2,1,2,0.046511627906976744,0.046511627906976744,0.023255813953488372,0.046511627906976744,16,17,12,1,21,6,145784.0
8,1,1,1,1,0,0,0,0,1,1,2,2,0.125,0.125,0.25,0.25,1,6,2,3,16,5,528942.0
9,1,1,1,1,0,0,0,0,1,1,1,2,0.1111111111111111,0.1111111111111111,0.1111111111111111,0.2222222222222222,4,3,9,5,15,3,87080.0
93,1,1,1,1,0,0,0,0,1,1,1,1,0.010752688172043012,0.010752688172043012,0.010752688172043012,0.010752688172043012,7,2,64,91,8,2,306257.0
93,1,1,1,1,0,0,0,0,3,2,2,1,0.03225806451612903,0.021505376344086023,0.021505376344086023,0.010752688172043012,10,81,75,3,18,0,446953.0
83,1,1,1,1,0,0,0,0,1,1,1,2,0.012048192771084338,0.012048192771084338,0.012048192771084338,0.024096385542168676,39,7,33,81,11,0,295526.0
53,1,1,1,1,0,0,0,0,2,1,2,2,0.03773584905660377,0.018867924528301886,0.03773584905660377,0.03773584905660377,8,51,50,27,7,4,335810.0
19,1,1,1,1,0,0,0,0,2,2,1,2,0.10526315789473684,0.10526315789473684,0.05263157894736842,0.10526315789473684,2,15,8,1,22,1,360510.0
22,1,1,1,1,0,0,0,0,3,2,2,1,0.13636363636363635,0.09090909090909091,0.09090909090909091,0.045454545454545456,6,14,18,19,7,4,66063.0
32,1,1,1,1,0,0,0,0,3,1,2,1,0.09375,0.03125,0.0625,0.03125,4,11,17,25,16,6,524816.0
76,1,1,1,1,0,0,0,0,2,1,1,1,0.02631578947368421,0.013157894736842105,0.013157894736842105,0.013157894736842105,15,71,33,9,17,6,524666.0
31,1,1,1,1,0,0,0,0,2,2,1,1,0.06451612903225806,0.06451612903225806,0.03225806451612903,0.03225806451612903,4,31,24,27,20,6,63725.0
88,1,1,1,1,0,0,0,0,1,1,2,1,0.011363636363636364,0.011363636363636364,0.022727272727272728,0.011363636363636364,7,17,73,29,11,6,87065.0
91,1,1,1,1,0,0,0,0,3,2,1,1,0.03296703296703297,0.02197802197802198,0.01098901098901099,0.01098901098901099,13,53,14,42,8,3,12849.0
72,1,1,1,1,0,0,0,0,1,1,1,2,0.013888888888888888,0.013888888888888888,0.013888888888888888,0.027777777777777776,2,31,43,38,17,5,238104.0
83,1,1,1,1,0,0,0,0,1,2,2,2,0.012048192771084338,0.024096385542168676,0.024096385542168676,0.024096385542168676,36,66,71,45,7,3,109819.0
89,1,1,1,1,0,0,0,0,1,1,1,2,0.011235955056179775,0.011235955056179775,0.011235955056179775,0.02247191011235955,26,85,38,26,7,0,225999.0
92,1,1,1,1,0,0,0,0,2,2,1,1,0.021739130434782608,0.021739130434782608,0.010869565217391304,0.010869565217391304,39,10,5,38,21,4,59997.0
84,1,1,1,1,0,0,0,0,3,2,2,1,0.03571428571428571,0.023809523809523808,0.023809523809523808,0.011904761904761904,42,27,68,49,19,4,388595.0
63,1,1,1,1,0,0,0,0,3,2,1,2,0.047619047619047616,0.031746031746031744,0.015873015873015872,0.031746031746031744,17,21,33,61,20,5,279933.0
79,1,1,1,1,0,0,0,0,2,2,2,1,0.02531645569620253,0.02531645569620253,0.02531645569620253,0.012658227848101266,11,5,12,35,14,1,252169.0
62,1,1,1,1,0,0,0,0,1,1,1,2,0.016129032258064516,0.016129032258064516,0.016129032258064516,0.03225806451612903,12,46,21,27,13,1,414756.0
27,1,1,1,1,0,0,0,0,1,2,2,2,0.037037037037037035,0.07407407407407407,0.07407407407407407,0.07407407407407407,12,24,13,21,12,3,323858.0
96,1,1,1,1,0,0,0,0,3,1,2,1,0.03125,0.010416666666666666,0.020833333333333332,0.010416666666666666,39,54,52,74,17,0,174319.0
21,1,1,1,1,0,0,0,0,3,1,1,2,0.14285714285714285,0.047619047619047616,0.047619047619047616,0.09523809523809523,7,11,19,20,9,6,371600.0
65,1,1,1,1,0,0,0,0,1,2,2,2,0.015384615384615385,0.03076923076923077,0.03076923076923077,0.03076923076923077,3,35,61,48,9,6,579933.0
21,1,1,1,1,0,0,0,0,3,1,2,1,0.14285714285714285,0.047619047619047616,0.09523809523809523,0.047619047619047616,8,21,17,20,22,0,153291.0
73,1,1,1,1,0,0,0,0,2,1,1,2,0.0273972602739726,0.0136986301369863,0.0136986301369863,0.0273972602739726,23,13,13,10,16,0,346231.0
50,1,1,1,1,0,0,0,0,2,2,2,2,0.04,0.04,0.04,0.04,20,47,40,26,14,1,362658.0
18,1,1,1,1,0,0,0,0,3,2,1,2,0.16666666666666666,0.1111111111111111,0.05555555555555555,0.1111111111111111,2,13,2,9,17,5,253209.0
92,1,1,1,1,0,0,0,0,3,1,2,2,0.03260869565217391,0.010869565217391304,0.021739130434782608,0.021739130434782608,16,68,83,76,19,4,163663.0
80,1,1,1,1,0,0,0,0,2,2,1,1,0.025,0.025,0.0125,0.0125,7,77,12,7,21,3,264878.0
75,1,1,1,1,0,0,0,0,2,1,2,1,0.02666666666666667,0.013333333333333334,0.02666666666666667,0.013333333333333334,21,72,71,28,19,4,289953.0
18,1,1,1,1,0,0,0,0,2,2,2,1,0.1111111111111111,0.1111111111111111,0.1111111111111111,0.05555555555555555,7,16,18,8,8,1,514411.0
88,1,1,1,1,0,0,0,0,2,1,1,1,0.022727272727272728,0.011363636363636364,0.011363636363636364,0.011363636363636364,26,3,61,48,7,0,274804.0
73,1,1,1,1,0,0,0,0,3,1,1,2,0.0410958904109589,0.0136986301369863,0.0136986301369863,0.0273972602739726,17,24,33,1,11,3,555478.0
75,1,1,1,1,0,0,0,0,3,2,1,1,0.04,0.02666666666666667,0.013333333333333334,0.013333333333333334,37,4,66,52,11,5,506164.0
9,1,1,1,1,0,0,0,0,1,2,2,1,0.1111111111111111,0.2222222222222222,0.2222222222222222,0.1111111111111111,3,2,6,6,8,4,542531.0
87,1,1,1,1,0,0,0,0,1,1,1,1,0.011494252873563218,0.011494252873563218,0.011494252873563218,0.011494252873563218,7,75,68,71,10,0,550759.0
32,1,1,1,1,0,0,0,0,2,2,1,1,0.0625,0.0625,0.03125,0.03125,1,6,2,27,16,6,484748.0
96,1,1,1,1,0,0,0,0,1,1,2,1,0.010416666666666666,0.010416666666666666,0.020833333333333332,0.010416666666666666,3,65,77,93,21,0,466984.0
85,1,1,1,1,0,0,0,0,3,2,2,1,0.03529411764705882,0.023529411764705882,0.023529411764705882,0.011764705882352941,2,39,18,10,8,4,305170.0
56,1,1,1,1,0,0,0,0,3,2,2,1,0.05357142857142857,0.03571428571428571,0.03571428571428571,0.017857142857142856,24,26,9,46,18,0,116799.0
6,1,1,1,1,0,0,0,0,1,1,2,2,0.16666666666666666,0.16666666666666666,0.3333333333333333,0.3333333333333333,3,5,4,4,7,0,372766.0
5,1,1,1,1,0,0,0,0,1,1,2,1,0.2,0.2,0.4,0.2,2,3,1,2,8,5,111049.0
40,1,1,1,1,0,0,0,0,3,2,1,2,0.075,0.05,0.025,0.05,16,11,26,35,16,3,87826.0
28,1,1,1,1,0,0,0,0,3,2,1,1,0.10714285714285714,0.07142857142857142,0.03571428571428571,0.03571428571428571,9,16,20,8,17,3,568875.0
20,1,1,1,1,0,0,0,0,1,1,2,2,0.05,0.05,0.1,0.1,5,19,10,3,8,6,81152.0
95,1,1,1,1,0,0,0,0,1,1,1,2,0.010526315789473684,0.010526315789473684,0.010526315789473684,0.021052631578947368,21,75,59,39,17,6,249098.0
19,1,1,1,1,0,0,0,0,2,2,1,2,0.10526315789473684,0.10526315789473684,0.05263157894736842,0.10526315789473684,6,12,7,18,7,2,253083.0
50,1,1,1,1,0,0,0,0,2,1,1,1,0.04,0.02,0.02,0.02,15,18,29,30,18,3,391900.0
60,1,1,1,1,0,0,0,0,2,2,1,1,0.03333333333333333,0.03333333333333333,0.016666666666666666,0.016666666666666666,24,21,33,12,13,3,378634.0
55,1,1,1,1,0,0,0,0,2,2,2,2,0.03636363636363636,0.03636363636363636,0.03636363636363636,0.03636363636363636,20,31,49,8,21,5,304626.0
74,1,1,1,1,0,0,0,0,2,1,2,1,0.02702702702702703,0.013513513513513514,0.02702702702702703,0.013513513513513514,12,39,62,29,14,0,70123.0
10,1,1,1,1,0,0,0,0,1,2,2,2,0.1,0.2,0.2,0.2,1,1,3,6,12,3,104676.0
74,1,1,1,1,0,0,0,0,1,1,2,2,0.013513513513513514,0.013513513513513514,0.02702702702702703,0.02702702702702703,1,33,62,53,20,2,225181.0
72,1,1,1,1,0,0,0,0,1,1,2,2,0.013888888888888888,0.013888888888888888,0.027777777777777776,0.027777777777777776,5,37,27,37,22,0,602057.0
47,1,1,1,1,0,0,0,0,3,1,1,2,0.06382978723404255,0.02127659574468085,0.02127659574468085,0.0425531914893617,16,7,34,36,13,6,387630.0
36,1,1,1,1,0,0,0,0,1,2,1,2,0.027777777777777776,0.05555555555555555,0.027777777777777776,0.05555555555555555,10,17,6,26,9,2,505806.0
92,1,1,1,1,0,0,0,0,3,2,2,1,0.03260869565217391,0.021739130434782608,0.021739130434782608,0.010869565217391304,39,74,92,60,9,3,271132.0
85,1,1,1,1,0,0,0,0,2,1,1,2,0.023529411764705882,0.011764705882352941,0.011764705882352941,0.023529411764705882,32,4,37,41,14,6,91177.0
34,1,1,1,1,0,0,0,0,1,1,2,2,0.029411764705882353,0.029411764705882353,0.058823529411764705,0.058823529411764705,1,22,8,7,11,1,296502.0
99,1,1,1,1,0,0,0,0,2,2,1,1,0.020202020202020204,0.020202020202020204,0.010101010101010102,0.010101010101010102,5,27,25,84,20,5,385635.0
57,1,1,1,1,0,0,0,0,2,1,2,2,0.03508771929824561,0.017543859649122806,0.03508771929824561,0.03508771929824561,22,35,4,42,12,5,326333.0
88,1,1,1,1,0,0,0,0,2,2,2,1,0.022727272727272728,0.022727272727272728,0.022727272727272728,0.011363636363636364,22,47,68,61,20,2,305327.0
45,1,1,1,1,0,0,0,0,3,1,2,1,0.06666666666666667,0.022222222222222223,0.044444444444444446,0.022222222222222223,19,18,16,27,14,5,321425.0
54,1,1,1,1,0,0,0,0,1,1,1,2,0.018518518518518517,0.018518518518518517,0.018518518518518517,0.037037037037037035,25,34,35,22,9,0,204979.0
35,1,1,1,1,0,0,0,0,1,1,1,2,0.02857142857142857,0.02857142857142857,0.02857142857142857,0.05714285714285714,16,25,16,15,11,0,361983.0
58,1,1,1,1,0,0,0,0,1,1,1,1,0.017241379310344827,0.017241379310344827,0.017241379310344827,0.017241379310344827,21,31,37,42,22,5,375215.0
88,1,1,1,1,0,0,0,0,2,2,2,2,0.022727272727272728,0.022727272727272728,0.022727272727272728,0.022727272727272728,40,46,64,26,22,4,472969.0
48,1,1,1,1,0,0,0,0,3,1,1,2,0.0625,0.020833333333333332,0.020833333333333332,0.041666666666666664,18,39,22,32,15,6,395621.0
44,1,1,1,1,0,0,0,0,3,1,2,1,0.06818181818181818,0.022727272727272728,0.045454545454545456,0.022727272727272728,7,37,33,43,18,4,209598.0
5,1,1,1,1,0,0,0,0,1,1,1,2,0.2,0.2,0.2,0.4,2,5,3,5,22,6,281248.0
35,1,1,1,1,0,0,0,0,3,1,1,1,0.08571428571428572,0.02857142857142857,0.02857142857142857,0.02857142857142857,14,23,3,8,15,3,485097.0
30,1,1,1,1,0,0,0,0,3,1,2,1,0.1,0.03333333333333333,0.06666666666666667,0.03333333333333333,1,2,12,29,7,2,66147.0
93,1,1,1,1,0,0,0,0,3,2,2,2,0.03225806451612903,0.021505376344086023,0.021505376344086023,0.021505376344086023,36,1,81,69,18,2,484379.0
41,1,1,1,1,0,0,0,0,1,2,1,1,0.024390243902439025,0.04878048780487805,0.024390243902439025,0.024390243902439025,13,10,36,19,7,6,311276.0
29,1,1,1,1,0,0,0,0,3,2,1,2,0.10344827586206896,0.06896551724137931,0.034482758620689655,0.06896551724137931,6,21,26,18,17,1,143781.0
44,1,1,1,1,0,0,0,0,3,2,1,2,0.06818181818181818,0.045454545454545456,0.022727272727272728,0.045454545454545456,19,40,14,32,16,3,240105.0
15,1,1,1,1,0,0,0,0,1,2,2,2,0.06666666666666667,0.13333333333333333,0.13333333333333333,0.13333333333333333,2,11,2,11,12,3,434045.0
45,1,1,1,1,0,0,0,0,3,2,2,2,0.06666666666666667,0.044444444444444446,0.044444444444444446,0.044444444444444446,7,35,19,25,9,0,347708.0
22,1,1,1,1,0,0,0,0,3,2,2,2,0.13636363636363635,0.09090909090909091,0.09090909090909091,0.09090909090909091,7,2,9,11,21,1,300565.0
37,1,1,1,1,0,0,0,0,1,1,1,1,0.02702702702702703,0.02702702702702703,0.02702702702702703,0.02702702702702703,2,13,8,21,7,2,274176.0
96,1,1,1,1,0,0,0,0,2,2,1,1,0.020833333333333332,0.020833333333333332,0.010416666666666666,0.010416666666666666,21,86,93,93,19,3,327137.0
98,1,1,1,1,0,0,0,0,1,1,2,1,0.01020408163265306,0.01020408163265306,0.02040816326530612,0.01020408163265306,12,55,32,88,21,2,320295.0
98,1,1,1,1,0,0,0,0,3,1,2,2,0.030612244897959183,0.01020408163265306,0.02040816326530612,0.02040816326530612,33,3,30,84,10,2,195084.0
21,1,1,1,1,0,0,0,0,1,1,2,1,0.047619047619047616,0.047619047619047616,0.09523809523809523,0.047619047619047616,3,2,12,6,19,4,474069.0
65,1,1,1,1,0,0,0,0,2,2,1,2,0.03076923076923077,0.03076923076923077,0.015384615384615385,0.03076923076923077,32,39,44,17,20,4,545870.0
30,1,1,1,1,0,0,0,0,3,1,1,1,0.1,0.03333333333333333,0.03333333333333333,0.03333333333333333,9,10,4,13,17,2,577798.0
79,1,1,1,1,0,0,0,0,2,2,1,1,0.02531645569620253,0.02531645569620253,0.012658227848101266,0.012658227848101266,2,75,76,59,8,2,24902.0
9,1,1,1,1,0,0,0,0,1,2,1,2,0.1111111111111111,0.2222222222222222,0.1111111111111111,0.2222222222222222,2,3,5,8,12,0,30877.0
85,1,1,1,1,0,0,0,0,1,2,1,2,0.011764705882352941,0.023529411764705882,0.011764705882352941,0.023529411764705882,3,77,60,39,10,6,182734.0
51,1,1,1,1,0,0,0,0,2,1,1,1,0.0392156862745098,0.0196078431372549,0.0196078431372549,0.0196078431372549,1,15,6,22,20,1,805.0
15,1,1,1,1,0,0,0,0,2,1,1,1,0.13333333333333333,0.06666666666666667,0.06666666666666667,0.06666666666666667,3,7,7,9,19,3,508769.0
55,1,1,1,1,0,0,0,0,1,1,1,2,0.01818181818181818,0.01818181818181818,0.01818181818181818,0.03636363636363636,7,51,27,48,17,2,138093.0
75,1,1,1,1,0,0,0,0,1,1,2,1,0.013333333333333334,0.013333333333333334,0.02666666666666667,0.013333333333333334,2,38,35,65,18,1,91045.0
62,1,1,1,1,0,0,0,0,1,1,1,1,0.016129032258064516,0.016129032258064516,0.016129032258064516,0.016129032258064516,29,6,1,58,10,5,18978.0
19,1,1,1,1,0,0,0,0,1,2,2,1,0.05263157894736842,0.10526315789473684,0.10526315789473684,0.05263157894736842,3,2,11,5,16,4,513747.0
51,1,1,1,1,0,0,0,0,1,1,2,2,0.0196078431372549,0.0196078431372549,0.0392156862745098,0.0392156862745098,16,24,9,46,19,6,517409.0
32,1,1,1,1,0,0,0,0,1,1,2,2,0.03125,0.03125,0.0625,0.0625,8,31,20,30,22,0,218695.0
74,1,1,1,1,0,0,0,0,3,1,1,2,0.04054054054054054,0.013513513513513514,0.013513513513513514,0.02702702702702703,30,9,45,22,10,3,250438.0
65,1,1,1,1,0,0,0,0,1,2,1,2,0.015384615384615385,0.03076923076923077,0.015384615384615385,0.03076923076923077,1,48,23,25,7,4,100137.0
67,1,1,1,1,0,0,0,0,3,2,2,1,0.04477611940298507,0.029850746268656716,0.029850746268656716,0.014925373134328358,25,56,22,9,21,1,359173.0
27,1,1,1,1,0,0,0,0,1,2,1,2,0.037037037037037035,0.07407407407407407,0.037037037037037035,0.07407407407407407,10,2,5,22,15,0,599825.0
30,1,1,1,1,0,0,0,0,1,2,1,2,0.03333333333333333,0.06666666666666667,0.03333333333333333,0.06666666666666667,15,18,18,12,9,4,542694.0
13,1,1,1,1,0,0,0,0,3,1,2,1,0.23076923076923078,0.07692307692307693,0.15384615384615385,0.07692307692307693,4,3,4,10,7,3,359618.0
17,1,1,1,1,0,0,0,0,1,1,2,2,0.058823529411764705,0.058823529411764705,0.11764705882352941,0.11764705882352941,7,4,1,1,16,1,139924.0
85,1,1,1,1,0,0,0,0,3,2,1,2,0.03529411764705882,0.023529411764705882,0.011764705882352941,0.023529411764705882,26,16,48,45,13,5,409844.0
55,1,1,1,1,0,0,0,0,3,2,2,1,0.05454545454545454,0.03636363636363636,0.03636363636363636,0.01818181818181818,21,40,55,9,13,6,311248.0
94,1,1,1,1,0,0,0,0,1,1,2,1,0.010638297872340425,0.010638297872340425,0.02127659574468085,0.010638297872340425,25,41,39,89,8,5,538070.0
67,1,1,1,1,0,0,0,0,2,1,2,1,0.029850746268656716,0.014925373134328358,0.029850746268656716,0.014925373134328358,5,25,65,18,9,4,120731.0
92,1,1,1,1,0,0,0,0,3,2,2,1,0.03260869565217391,0.021739130434782608,0.021739130434782608,0.010869565217391304,10,32,44,81,18,4,531242.0
66,1,1,1,1,0,0,0,0,2,1,2,1,0.030303030303030304,0.015151515151515152,0.030303030303030304,0.015151515151515152,25,44,49,36,19,6,344721.0
47,1,1,1,1,0,0,0,0,1,2,2,2,0.02127659574468085,0.0425531914893617,0.0425531914893617,0.0425531914893617,20,41,38,24,8,0,123667.0
45,1,1,1,1,0,0,0,0,3,1,1,1,0.06666666666666667,0.022222222222222223,0.022222222222222223,0.022222222222222223,22,45,17,37,18,6,536809.0
64,1,1,1,1,0,0,0,0,2,2,1,1,0.03125,0.03125,0.015625,0.015625,20,37,38,25,13,0,363977.0
59,1,1,1,1,0,0,0,0,3,2,1,1,0.05084745762711865,0.03389830508474576,0.01694915254237288,0.01694915254237288,6,20,23,22,13,5,79346.0
36,1,1,1,1,0,0,0,0,1,1,2,1,0.027777777777777776,0.027777777777777776,0.05555555555555555,0.027777777777777776,7,1,35,27,10,1,59883.0
49,1,1,1,1,0,0,0,0,3,2,2,1,0.061224489795918366,0.04081632653061224,0.04081632653061224,0.02040816326530612,7,24,10,48,9,3,315741.0
10,1,1,1,1,0,0,0,0,2,1,1,1,0.2,0.1,0.1,0.1,1,1,5,1,22,1,394664.0
68,1,1,1,1,0,0,0,0,2,2,1,1,0.029411764705882353,0.029411764705882353,0.014705882352941176,0.014705882352941176,9,10,21,22,19,2,530242.0
78,1,1,1,1,0,0,0,0,3,1,2,2,0.038461538461538464,0.01282051282051282,0.02564102564102564,0.02564102564102564,39,28,75,46,8,2,83389.0
94,1,1,1,1,0,0,0,0,1,1,2,1,0.010638297872340425,0.010638297872340425,0.02127659574468085,0.010638297872340425,5,77,80,70,16,2,328049.0
54,1,1,1,1,0,0,0,0,1,1,1,1,0.018518518518518517,0.018518518518518517,0.018518518518518517,0.018518518518518517,5,6,47,21,16,3,444622.0
75,1,1,1,1,0,0,0,0,1,2,1,2,0.013333333333333334,0.02666666666666667,0.013333333333333334,0.02666666666666667,15,9,58,3,19,0,125128.0
62,1,1,1,1,0,0,0,0,3,1,1,1,0.04838709677419355,0.016129032258064516,0.016129032258064516,0.016129032258064516,28,46,7,24,11,1,511959.0
63,1,1,1,1,0,0,0,0,1,2,1,1,0.015873015873015872,0.031746031746031744,0.015873015873015872,0.015873015873015872,14,12,16,56,18,0,514896.0
59,1,1,1,1,0,0,0,0,3,2,1,2,0.05084745762711865,0.03389830508474576,0.01694915254237288,0.03389830508474576,16,43,15,20,10,2,97576.0
8,1,1,1,1,0,0,0,0,3,1,2,1,0.375,0.125,0.25,0.125,4,3,5,3,14,3,320418.0
42,1,1,1,1,0,0,0,0,2,2,1,1,0.047619047619047616,0.047619047619047616,0.023809523809523808,0.023809523809523808,3,16,6,8,22,0,291563.0
84,1,1,1,1,0,0,0,0,3,1,1,1,0.03571428571428571,0.011904761904761904,0.011904761904761904,0.011904761904761904,24,81,18,14,11,6,18235.0
41,1,1,1,1,0,0,0,0,1,1,2,1,0.024390243902439025,0.024390243902439025,0.04878048780487805,0.024390243902439025,7,38,25,3,14,6,242228.0
55,1,1,1,1,0,0,0,0,2,2,1,2,0.03636363636363636,0.03636363636363636,0.01818181818181818,0.03636363636363636,27,8,46,45,18,2,283537.0
84,1,1,1,1,0,0,0,0,1,2,2,2,0.011904761904761904,0.023809523809523808,0.023809523809523808,0.023809523809523808,15,47,5,79,12,0,480499.0
67,1,1,1,1,0,0,0,0,2,1,2,2,0.029850746268656716,0.014925373134328358,0.029850746268656716,0.029850746268656716,27,56,15,15,21,3,264929.0
32,1,1,1,1,0,0,0,0,2,2,1,2,0.0625,0.0625,0.03125,0.0625,16,9,9,29,7,2,277189.0
80,1,1,1,1,0,0,0,0,1,1,1,2,0.0125,0.0125,0.0125,0.025,26,40,32,13,21,4,193066.0
44,1,1,1,1,0,0,0,0,3,2,1,1,0.06818181818181818,0.045454545454545456,0.022727272727272728,0.022727272727272728,15,29,27,4,14,4,574599.0
54,1,1,1,1,0,0,0,0,2,2,1,1,0.037037037037037035,0.037037037037037035,0.018518518518518517,0.018518518518518517,19,54,46,32,7,6,271970.0
32,1,1,1,1,0,0,0,0,3,2,2,1,0.09375,0.0625,0.0625,0.03125,16,15,18,25,17,1,182981.0
39,1,1,1,1,0,0,0,0,3,2,1,2,0.07692307692307693,0.05128205128205128,0.02564102564102564,0.05128205128205128,15,16,16,35,15,1,435341.0
61,1,1,1,1,0,0,0,0,2,2,2,1,0.03278688524590164,0.03278688524590164,0.03278688524590164,0.01639344262295082,13,12,40,25,12,4,246888.0
49,1,1,1,1,0,0,0,0,2,1,1,2,0.04081632653061224,0.02040816326530612,0.02040816326530612,0.04081632653061224,3,16,33,7,17,5,400948.0
33,1,1,1,1,0,0,0,0,1,2,1,2,0.030303030303030304,0.06060606060606061,0.030303030303030304,0.06060606060606061,4,6,26,32,20,5,149237.0
91,1,1,1,1,0,0,0,0,3,1,1,2,0.03296703296703297,0.01098901098901099,0.01098901098901099,0.02197802197802198,13,70,13,26,11,1,408100.0
91,1,1,1,1,0,0,0,0,3,2,1,2,0.03296703296703297,0.02197802197802198,0.01098901098901099,0.02197802197802198,25,50,64,70,22,4,368987.0
75,1,1,1,1,0,0,0,0,1,1,2,1,0.013333333333333334,0.013333333333333334,0.02666666666666667,0.013333333333333334,12,54,74,39,13,3,414565.0
56,1,1,1,1,0,0,0,0,1,2,1,2,0.017857142857142856,0.03571428571428571,0.017857142857142856,0.03571428571428571,25,54,35,21,14,1,566058.0
85,1,1,1,1,0,0,0,0,3,1,1,2,0.03529411764705882,0.011764705882352941,0.011764705882352941,0.023529411764705882,23,60,42,38,17,5,202110.0
81,1,1,1,1,0,0,0,0,1,1,2,2,0.012345679012345678,0.012345679012345678,0.024691358024691357,0.024691358024691357,37,26,69,76,22,0,450586.0
99,1,1,1,1,0,0,0,0,3,1,2,1,0.030303030303030304,0.010101010101010102,0.020202020202020204,0.010101010101010102,24,62,46,70,10,4,390007.0
65,1,1,1,1,0,0,0,0,1,1,1,1,0.015384615384615385,0.015384615384615385,0.015384615384615385,0.015384615384615385,19,24,27,19,10,4,493561.0
32,1,1,1,1,0,0,0,0,3,2,1,1,0.09375,0.0625,0.03125,0.03125,1,2,11,15,19,0,507542.0
27,1,1,1,1,0,0,0,0,1,2,2,2,0.037037037037037035,0.07407407407407407,0.07407407407407407,0.07407407407407407,2,4,11,13,22,2,116527.0
94,1,1,1,1,0,0,0,0,1,1,1,1,0.010638297872340425,0.010638297872340425,0.010638297872340425,0.010638297872340425,30,83,88,28,22,4,42174.0
94,1,1,1,1,0,0,0,0,1,2,2,1,0.010638297872340425,0.02127659574468085,0.02127659574468085,0.010638297872340425,13,45,84,22,17,3,67697.0
72,1,1,1,1,0,0,0,0,3,2,1,1,0.041666666666666664,0.027777777777777776,0.013888888888888888,0.013888888888888888,16,37,40,18,15,2,415010.0
80,1,1,1,1,0,0,0,0,2,1,2,1,0.025,0.0125,0.025,0.0125,40,3,42,9,8,4,440215.0
16,1,1,1,1,0,0,0,0,3,1,1,1,0.1875,0.0625,0.0625,0.0625,4,3,7,4,7,2,406605.0
77,1,1,1,1,0,0,0,0,2,1,2,2,0.025974025974025976,0.012987012987012988,0.025974025974025976,0.025974025974025976,32,70,64,73,13,2,194511.0
27,1,1,1,1,0,0,0,0,3,2,2,1,0.1111111111111111,0.07407407407407407,0.07407407407407407,0.037037037037037035,7,6,25,8,9,3,531668.0
91,1,1,1,1,0,0,0,0,1,1,1,1,0.01098901098901099,0.01098901098901099,0.01098901098901099,0.01098901098901099,25,26,7,47,7,1,373.0
13,1,1,1,1,0,0,0,0,2,2,2,1,0.15384615384615385,0.15384615384615385,0.15384615384615385,0.07692307692307693,1,5,9,10,20,2,101656.0
7,1,1,1,1,0,0,0,0,1,1,2,1,0.14285714285714285,0.14285714285714285,0.2857142857142857,0.14285714285714285,3,4,4,4,20,0,56153.0
45,1,1,1,1,0,0,0,0,2,2,2,2,0.044444444444444446,0.044444444444444446,0.044444444444444446,0.044444444444444446,6,15,34,10,15,3,453775.0
72,1,1,1,1,0,0,0,0,2,1,1,1,0.027777777777777776,0.013888888888888888,0.013888888888888888,0.013888888888888888,8,46,16,47,19,6,71969.0
77,1,1,1,1,0,0,0,0,1,1,1,1,0.012987012987012988,0.012987012987012988,0.012987012987012988,0.012987012987012988,7,4,64,5,13,4,598987.0
86,1,1,1,1,0,0,0,0,1,2,2,1,0.011627906976744186,0.023255813953488372,0.023255813953488372,0.011627906976744186,20,79,34,16,21,6,590041.0
95,1,1,1,1,0,0,0,0,3,1,1,2,0.031578947368421054,0.010526315789473684,0.010526315789473684,0.021052631578947368,11,45,63,90,11,1,444377.0
5,1,1,1,1,0,0,0,0,2,2,2,1,0.4,0.4,0.4,0.2,2,2,4,3,7,3,29969.0
93,1,1,1,1,0,0,0,0,2,1,1,2,0.021505376344086023,0.010752688172043012,0.010752688172043012,0.021505376344086023,12,27,39,25,19,0,499945.0
38,1,1,1,1,0,0,0,0,2,1,1,2,0.05263157894736842,0.02631578947368421,0.02631578947368421,0.05263157894736842,6,6,20,7,12,3,341190.0
65,1,1,1,1,0,0,0,0,3,2,1,1,0.046153846153846156,0.03076923076923077,0.015384615384615385,0.015384615384615385,1,1,14,39,21,5,390897.0
78,1,1,1,1,0,0,0,0,1,2,2,1,0.01282051282051282,0.02564102564102564,0.02564102564102564,0.01282051282051282,19,65,38,66,21,3,36033.0
37,1,1,1,1,0,0,0,0,1,1,2,1,0.02702702702702703,0.02702702702702703,0.05405405405405406,0.02702702702702703,4,12,26,1,10,6,60024.0
44,1,1,1,1,0,0,0,0,1,1,1,2,0.022727272727272728,0.022727272727272728,0.022727272727272728,0.045454545454545456,4,4,6,29,20,1,193817.0
37,1,1,1,1,0,0,0,0,2,1,1,2,0.05405405405405406,0.02702702702702703,0.02702702702702703,0.05405405405405406,7,13,10,35,16,2,124267.0
81,1,1,1,1,0,0,0,0,3,1,2,2,0.037037037037037035,0.012345679012345678,0.024691358024691357,0.024691358024691357,4,62,9,5,8,3,374738.0
43,1,1,1,1,0,0,0,0,1,1,2,2,0.023255813953488372,0.023255813953488372,0.046511627906976744,0.046511627906976744,16,5,36,30,15,1,602790.0
47,1,1,1,1,0,0,0,0,1,1,1,1,0.02127659574468085,0.02127659574468085,0.02127659574468085,0.02127659574468085,8,23,45,5,16,6,487595.0
92,1,1,1,1,0,0,0,0,1,2,2,1,0.010869565217391304,0.021739130434782608,0.021739130434782608,0.010869565217391304,23,49,46,27,22,6,230304.0
81,1,1,1,1,0,0,0,0,2,2,2,1,0.024691358024691357,0.024691358024691357,0.024691358024691357,0.012345679012345678,6,54,27,18,10,6,62519.0
80,1,1,1,1,0,0,0,0,3,1,2,2,0.0375,0.0125,0.025,0.025,15,54,33,36,13,5,382950.0
41,1,1,1,1,0,0,0,0,3,2,2,2,0.07317073170731707,0.04878048780487805,0.04878048780487805,0.04878048780487805,8,32,14,12,14,6,343512.0
41,1,1,1,1,0,0,0,0,2,1,2,1,0.04878048780487805,0.024390243902439025,0.04878048780487805,0.024390243902439025,12,16,14,40,12,0,229010.0
55,1,1,1,1,0,0,0,0,1,1,1,2,0.01818181818181818,0.01818181818181818,0.01818181818181818,0.03636363636363636,20,54,22,48,10,5,340330.0
77,1,1,1,1,0,0,0,0,3,2,1,2,0.03896103896103896,0.025974025974025976,0.012987012987012988,0.025974025974025976,32,75,72,14,16,0,404599.0
99,1,1,1,1,0,0,0,0,1,2,2,2,0.010101010101010102,0.020202020202020204,0.020202020202020204,0.020202020202020204,20,11,92,92,16,6,2853.0
63,1,1,1,1,0,0,0,0,1,2,2,2,0.015873015873015872,0.031746031746031744,0.031746031746031744,0.031746031746031744,18,6,2,22,18,1,515386.0
27,1,1,1,1,0,0,0,0,2,1,1,1,0.07407407407407407,0.037037037037037035,0.037037037037037035,0.037037037037037035,1,16,22,26,12,6,531483.0
98,1,1,1,1,0,0,0,0,2,2,2,1,0.02040816326530612,0.02040816326530612,0.02040816326530612,0.01020408163265306,14,66,16,43,19,1,300368.0
25,1,1,1,1,0,0,0,0,2,1,2,1,0.08,0.04,0.08,0.04,12,20,22,22,10,6,359440.0
96,1,1,1,1,0,0,0,0,3,2,1,1,0.03125,0.020833333333333332,0.010416666666666666,0.010416666666666666,5,38,78,49,14,1,341370.0
65,1,1,1,1,0,0,0,0,3,2,2,2,0.046153846153846156,0.03076923076923077,0.03076923076923077,0.03076923076923077,14,61,25,9,13,0,71660.0
88,1,1,1,1,0,0,0,0,3,1,2,1,0.03409090909090909,0.011363636363636364,0.022727272727272728,0.011363636363636364,13,63,27,65,20,0,14555.0
94,1,1,1,1,0,0,0,0,2,2,1,1,0.02127659574468085,0.02127659574468085,0.010638297872340425,0.010638297872340425,33,55,16,59,17,0,227886.0
80,1,1,1,1,0,0,0,0,2,1,1,2,0.025,0.0125,0.0125,0.025,19,77,42,75,10,3,84496.0
59,1,1,1,1,0,0,0,0,1,1,1,1,0.01694915254237288,0.01694915254237288,0.01694915254237288,0.01694915254237288,3,31,56,12,13,1,489276.0
44,1,1,1,1,0,0,0,0,3,1,1,2,0.06818181818181818,0.022727272727272728,0.022727272727272728,0.045454545454545456,15,44,39,39,17,2,259509.0
17,1,1,1,1,0,0,0,0,2,1,1,1,0.11764705882352941,0.058823529411764705,0.058823529411764705,0.058823529411764705,5,7,17,9,22,4,24491.0
24,1,1,1,1,0,0,0,0,3,2,1,2,0.125,0.08333333333333333,0.041666666666666664,0.08333333333333333,11,10,2,8,21,5,506515.0
91,1,1,1,1,0,0,0,0,1,1,1,1,0.01098901098901099,0.01098901098901099,0.01098901098901099,0.01098901098901099,38,86,15,66,15,0,553847.0
87,1,1,1,1,0,0,0,0,2,2,1,2,0.022988505747126436,0.022988505747126436,0.011494252873563218,0.022988505747126436,20,87,6,15,22,2,187925.0
80,1,1,1,1,0,0,0,0,1,2,1,1,0.0125,0.025,0.0125,0.0125,39,16,8,54,20,0,428121.0
56,1,1,1,1,0,0,0,0,3,1,2,2,0.05357142857142857,0.017857142857142856,0.03571428571428571,0.03571428571428571,24,21,53,36,9,6,481305.0
33,1,1,1,1,0,0,0,0,2,1,2,2,0.06060606060606061,0.030303030303030304,0.06060606060606061,0.06060606060606061,15,8,33,15,18,5,292112.0
48,1,1,1,1,0,0,0,0,2,2,1,1,0.041666666666666664,0.041666666666666664,0.020833333333333332,0.020833333333333332,9,10,19,6,8,5,46888.0
58,1,1,1,1,0,0,0,0,3,2,1,1,0.05172413793103448,0.034482758620689655,0.017241379310344827,0.017241379310344827,27,49,36,6,7,2,95320.0
86,1,1,1,1,0,0,0,0,1,1,2,2,0.011627906976744186,0.011627906976744186,0.023255813953488372,0.023255813953488372,10,33,45,58,21,6,591007.0
8,1,1,1,1,0,0,0,0,1,2,1,1,0.125,0.25,0.125,0.125,1,8,1,2,10,1,343896.0
39,1,1,1,1,0,0,0,0,3,1,2,2,0.07692307692307693,0.02564102564102564,0.05128205128205128,0.05128205128205128,12,32,8,20,19,6,373661.0
66,1,1,1,1,0,0,0,0,3,2,2,1,0.045454545454545456,0.030303030303030304,0.030303030303030304,0.015151515151515152,12,8,6,32,10,2,264840.0
63,1,1,1,1,0,0,0,0,3,2,1,1,0.047619047619047616,0.031746031746031744,0.015873015873015872,0.015873015873015872,24,8,35,27,9,4,194020.0
22,1,1,1,1,0,0,0,0,2,1,2,1,0.09090909090909091,0.045454545454545456,0.09090909090909091,0.045454545454545456,5,18,6,17,18,6,102184.0
72,1,1,1,1,0,0,0,0,3,2,1,2,0.041666666666666664,0.027777777777777776,0.013888888888888888,0.027777777777777776,4,43,36,39,15,0,307384.0
93,1,1,1,1,0,0,0,0,2,1,2,1,0.021505376344086023,0.010752688172043012,0.021505376344086023,0.010752688172043012,23,48,45,86,13,6,40472.0
74,1,1,1,1,0,0,0,0,2,1,1,2,0.02702702702702703,0.013513513513513514,0.013513513513513514,0.02702702702702703,24,46,4,45,22,0,283686.0
51,1,1,1,1,0,0,0,0,3,1,1,2,0.058823529411764705,0.0196078431372549,0.0196078431372549,0.0392156862745098,2,41,42,37,17,5,472819.0
90,1,1,1,1,0,0,0,0,2,1,2,1,0.022222222222222223,0.011111111111111112,0.022222222222222223,0.011111111111111112,39,70,57,28,12,3,400718.0
78,1,1,1,1,0,0,0,0,3,2,2,2,0.038461538461538464,0.02564102564102564,0.02564102564102564,0.02564102564102564,15,47,34,50,19,2,305914.0
9,1,1,1,1,0,0,0,0,3,1,1,2,0.3333333333333333,0.1111111111111111,0.1111111111111111,0.2222222222222222,1,6,7,4,9,2,120151.0
40,1,1,1,1,0,0,0,0,2,1,2,1,0.05,0.025,0.05,0.025,18,30,11,23,8,0,578219.0
81,1,1,1,1,0,0,0,0,1,1,1,1,0.012345679012345678,0.012345679012345678,0.012345679012345678,0.012345679012345678,12,27,43,16,21,5,459992.0
21,1,1,1,1,0,0,0,0,3,2,1,2,0.14285714285714285,0.09523809523809523,0.047619047619047616,0.09523809523809523,4,17,11,17,9,2,165413.0
28,1,1,1,1,0,0,0,0,1,1,1,2,0.03571428571428571,0.03571428571428571,0.03571428571428571,0.07142857142857142,8,24,20,5,8,2,291014.0
27,1,1,1,1,0,0,0,0,3,2,2,1,0.1111111111111111,0.07407407407407407,0.07407407407407407,0.037037037037037035,11,6,13,12,20,1,145653.0
37,1,1,1,1,0,0,0,0,2,1,1,1,0.05405405405405406,0.02702702702702703,0.02702702702702703,0.02702702702702703,9,13,15,27,10,6,454691.0
21,1,1,1,1,0,0,0,0,1,1,1,1,0.047619047619047616,0.047619047619047616,0.047619047619047616,0.047619047619047616,2,1,10,15,11,6,223374.0
90,1,1,1,1,0,0,0,0,1,2,2,1,0.011111111111111112,0.022222222222222223,0.022222222222222223,0.011111111111111112,42,33,45,57,17,0,524473.0
64,1,1,1,1,0,0,0,0,3,1,2,1,0.046875,0.015625,0.03125,0.015625,29,54,59,33,19,2,278803.0
77,1,1,1,1,0,0,0,0,1,2,1,2,0.012987012987012988,0.025974025974025976,0.012987012987012988,0.025974025974025976,19,37,39,38,13,3,343653.0
77,1,1,1,1,0,0,0,0,2,2,2,2,0.025974025974025976,0.025974025974025976,0.025974025974025976,0.025974025974025976,5,55,18,16,19,0,512780.0
78,1,1,1,1,0,0,0,0,3,2,2,1,0.038461538461538464,0.02564102564102564,0.02564102564102564,0.01282051282051282,35,13,25,10,13,5,162181.0
83,1,1,1,1,0,0,0,0,2,2,2,1,0.024096385542168676,0.024096385542168676,0.024096385542168676,0.012048192771084338,15,83,47,52,11,1,102744.0
26,1,1,1,1,0,0,0,0,1,2,1,2,0.038461538461538464,0.07692307692307693,0.038461538461538464,0.07692307692307693,13,20,11,2,20,0,412087.0
68,1,1,1,1,0,0,0,0,1,2,1,1,0.014705882352941176,0.029411764705882353,0.014705882352941176,0.014705882352941176,28,67,19,63,21,5,84757.0
33,1,1,1,1,0,0,0,0,3,2,2,1,0.09090909090909091,0.06060606060606061,0.06060606060606061,0.030303030303030304,4,32,10,12,22,3,160072.0
5,1,1,1,1,0,0,0,0,2,2,1,2,0.4,0.4,0.2,0.4,1,4,4,4,19,4,228844.0
75,1,1,1,1,0,0,0,0,3,2,1,2,0.04,0.02666666666666667,0.013333333333333334,0.02666666666666667,1,43,43,28,22,6,23429.0
24,1,1,1,1,0,0,0,0,1,2,2,2,0.041666666666666664,0.08333333333333333,0.08333333333333333,0.08333333333333333,10,19,3,4,13,2,451846.0
19,1,1,1,1,0,0,0,0,2,1,1,1,0.10526315789473684,0.05263157894736842,0.05263157894736842,0.05263157894736842,2,11,8,9,14,5,521233.0
55,1,1,1,1,0,0,0,0,2,2,2,1,0.03636363636363636,0.03636363636363636,0.03636363636363636,0.01818181818181818,27,10,23,36,13,1,558444.0
11,1,1,1,1,0,0,0,0,1,2,2,1,0.09090909090909091,0.18181818181818182,0.18181818181818182,0.09090909090909091,4,11,2,5,14,0,121348.0
21,1,1,1,1,0,0,0,0,1,1,1,1,0.047619047619047616,0.047619047619047616,0.047619047619047616,0.047619047619047616,3,5,17,5,21,3,485497.0
65,1,1,1,1,0,0,0,0,1,2,1,1,0.015384615384615385,0.03076923076923077,0.015384615384615385,0.015384615384615385,9,18,9,2,22,3,243194.0
93,1,1,1,1,0,0,0,0,1,1,2,2,0.010752688172043012,0.010752688172043012,0.021505376344086023,0.021505376344086023,19,24,4,8,9,5,386640.0
46,1,1,1,1,0,0,0,0,3,1,1,1,0.06521739130434782,0.021739130434782608,0.021739130434782608,0.021739130434782608,22,29,40,12,20,0,137735.0
54,1,1,1,1,0,0,0,0,1,2,2,2,0.018518518518518517,0.037037037037037035,0.037037037037037035,0.037037037037037035,9,6,34,30,19,4,77644.0
16,1,1,1,1,0,0,0,0,3,1,2,1,0.1875,0.0625,0.125,0.0625,6,16,8,1,21,1,319034.0
98,1,1,1,1,0,0,0,0,3,1,2,1,0.030612244897959183,0.01020408163265306,0.02040816326530612,0.01020408163265306,37,61,29,42,8,6,144192.0
34,1,1,1,1,0,0,0,0,2,2,2,2,0.058823529411764705,0.058823529411764705,0.058823529411764705,0.058823529411764705,10,30,14,29,19,6,552280.0
80,1,1,1,1,0,0,0,0,1,2,2,1,0.0125,0.025,0.025,0.0125,28,21,42,64,10,2,480968.0
48,1,1,1,1,0,0,0,0,3,1,2,2,0.0625,0.020833333333333332,0.041666666666666664,0.041666666666666664,23,8,48,19,12,2,386019.0
67,1,1,1,1,0,0,0,0,2,1,2,1,0.029850746268656716,0.014925373134328358,0.029850746268656716,0.014925373134328358,4,41,28,42,21,0,171837.0
54,1,1,1,1,0,0,0,0,3,2,1,2,0.05555555555555555,0.037037037037037035,0.018518518518518517,0.037037037037037035,27,26,48,43,11,1,465826.0
24,1,1,1,1,0,0,0,0,2,1,2,1,0.08333333333333333,0.041666666666666664,0.08333333333333333,0.041666666666666664,8,23,20,23,7,3,133198.0
92,1,1,1,1,0,0,0,0,3,1,2,2,0.03260869565217391,0.010869565217391304,0.021739130434782608,0.021739130434782608,23,44,6,42,12,5,523220.0
76,1,1,1,1,0,0,0,0,1,2,1,1,0.013157894736842105,0.02631578947368421,0.013157894736842105,0.013157894736842105,36,66,4,28,18,3,155848.0
54,1,1,1,1,0,0,0,0,3,1,2,2,0.05555555555555555,0.018518518518518517,0.037037037037037035,0.037037037037037035,24,17,12,30,15,2,471315.0
80,1,1,1,1,0,0,0,0,1,2,1,1,0.0125,0.025,0.0125,0.0125,2,28,77,36,18,0,384408.0
40,1,1,1,1,0,0,0,0,3,2,2,1,0.075,0.05,0.05,0.025,10,5,18,3,17,2,121936.0
6,1,1,1,1,0,0,0,0,3,2,2,1,0.5,0.3333333333333333,0.3333333333333333,0.16666666666666666,2,6,4,1,9,1,588076.0
21,1,1,1,1,0,0,0,0,3,2,2,2,0.14285714285714285,0.09523809523809523,0.09523809523809523,0.09523809523809523,4,18,4,7,10,0,54487.0
22,1,1,1,1,0,0,0,0,1,1,1,1,0.045454545454545456,0.045454545454545456,0.045454545454545456,0.045454545454545456,11,2,2,1,9,3,500333.0
74,1,1,1,1,0,0,0,0,2,1,2,1,0.02702702702702703,0.013513513513513514,0.02702702702702703,0.013513513513513514,24,31,66,23,17,3,315809.0
94,1,1,1,1,0,0,0,0,3,1,1,2,0.031914893617021274,0.010638297872340425,0.010638297872340425,0.02127659574468085,17,16,44,7,9,2,481778.0
79,1,1,1,1,0,0,0,0,1,1,1,2,0.012658227848101266,0.012658227848101266,0.012658227848101266,0.02531645569620253,10,64,67,55,12,6,414941.0
66,1,1,1,1,0,0,0,0,3,2,1,2,0.045454545454545456,0.030303030303030304,0.015151515151515152,0.030303030303030304,26,14,21,50,10,3,416666.0
66,1,1,1,1,0,0,0,0,3,1,1,2,0.045454545454545456,0.015151515151515152,0.015151515151515152,0.030303030303030304,19,17,20,23,15,1,376124.0
47,1,1,1,1,0,0,0,0,2,1,2,2,0.0425531914893617,0.02127659574468085,0.0425531914893617,0.0425531914893617,4,16,33,30,17,3,412848.0
62,1,1,1,1,0,0,0,0,1,2,1,1,0.016129032258064516,0.03225806451612903,0.016129032258064516,0.016129032258064516,13,27,6,62,10,2,266727.0
84,1,1,1,1,0,0,0,0,3,2,1,2,0.03571428571428571,0.023809523809523808,0.011904761904761904,0.023809523809523808,35,39,46,4,19,6,285833.0
56,1,1,1,1,0,0,0,0,2,1,2,2,0.03571428571428571,0.017857142857142856,0.03571428571428571,0.03571428571428571,26,53,28,54,15,4,364111.0
99,1,1,1,1,0,0,0,0,3,1,1,1,0.030303030303030304,0.010101010101010102,0.010101010101010102,0.010101010101010102,26,67,48,51,21,2,298503.0
57,1,1,1,1,0,0,0,0,2,2,2,2,0.03508771929824561,0.03508771929824561,0.03508771929824561,0.03508771929824561,13,34,11,25,10,1,57623.0
60,1,1,1,1,0,0,0,0,1,2,1,1,0.016666666666666666,0.03333333333333333,0.016666666666666666,0.016666666666666666,24,33,45,43,7,1,344751.0
97,1,1,1,1,0,0,0,0,1,1,2,2,0.010309278350515464,0.010309278350515464,0.020618556701030927,0.020618556701030927,9,39,61,19,12,2,388037.0
34,1,1,1,1,0,0,0,0,2,1,2,1,0.058823529411764705,0.029411764705882353,0.058823529411764705,0.029411764705882353,4,9,31,33,15,1,457299.0
51,1,1,1,1,0,0,0,0,3,1,2,2,0.058823529411764705,0.0196078431372549,0.0392156862745098,0.0392156862745098,6,38,15,18,11,4,159028.0
65,1,1,1,1,0,0,0,0,2,2,2,1,0.03076923076923077,0.03076923076923077,0.03076923076923077,0.015384615384615385,32,8,35,23,17,5,520118.0
43,1,1,1,1,0,0,0,0,3,1,1,1,0.06976744186046512,0.023255813953488372,0.023255813953488372,0.023255813953488372,12,29,36,10,11,6,266030.0
27,1,1,1,1,0,0,0,0,3,1,2,2,0.1111111111111111,0.037037037037037035,0.07407407407407407,0.07407407407407407,12,16,22,26,11,0,194090.0
65,1,1,1,1,0,0,0,0,2,1,2,1,0.03076923076923077,0.015384615384615385,0.03076923076923077,0.015384615384615385,17,38,42,27,13,4,453115.0
81,1,1,1,1,0,0,0,0,2,1,1,2,0.024691358024691357,0.012345679012345678,0.012345679012345678,0.024691358024691357,6,35,16,44,20,6,269944.0
10,1,1,1,1,0,0,0,0,1,1,2,2,0.1,0.1,0.2,0.2,3,2,1,10,12,0,107099.0
29,1,1,1,1,0,0,0,0,2,2,1,2,0.06896551724137931,0.06896551724137931,0.034482758620689655,0.06896551724137931,1,1,2,27,16,5,13197.0
7,1,1,1,1,0,0,0,0,3,1,1,2,0.42857142857142855,0.14285714285714285,0.14285714285714285,0.2857142857142857,2,2,4,5,14,2,43478.0
47,1,1,1,1,0,0,0,0,3,2,2,1,0.06382978723404255,0.0425531914893617,0.0425531914893617,0.02127659574468085,1,26,9,28,21,2,332360.0
69,1,1,1,1,0,0,0,0,1,2,1,2,0.014492753623188406,0.028985507246376812,0.014492753623188406,0.028985507246376812,23,10,51,14,16,6,576466.0
87,1,1,1,1,0,0,0,0,2,2,1,2,0.022988505747126436,0.022988505747126436,0.011494252873563218,0.022988505747126436,21,68,32,65,10,5,27855.0
14,1,1,1,1,0,0,0,0,2,1,2,1,0.14285714285714285,0.07142857142857142,0.14285714285714285,0.07142857142857142,1,5,7,8,17,1,369195.0
65,1,1,1,1,0,0,0,0,3,2,2,1,0.046153846153846156,0.03076923076923077,0.03076923076923077,0.015384615384615385,23,3,7,57,14,4,364963.0
71,1,1,1,1,0,0,0,0,1,1,1,2,0.014084507042253521,0.014084507042253521,0.014084507042253521,0.028169014084507043,8,41,33,12,13,0,106897.0
18,1,1,1,1,0,0,0,0,3,2,2,1,0.16666666666666666,0.1111111111111111,0.1111111111111111,0.05555555555555555,2,11,17,10,7,2,559421.0
54,1,1,1,1,0,0,0,0,3,2,1,2,0.05555555555555555,0.037037037037037035,0.018518518518518517,0.037037037037037035,21,39,53,11,21,1,587087.0
23,1,1,1,1,0,0,0,0,2,2,1,1,0.08695652173913043,0.08695652173913043,0.043478260869565216,0.043478260869565216,10,2,15,22,16,3,252389.0
65,1,1,1,1,0,0,0,0,2,2,1,2,0.03076923076923077,0.03076923076923077,0.015384615384615385,0.03076923076923077,24,47,5,46,18,1,513471.0
54,1,1,1,1,0,0,0,0,2,2,2,2,0.037037037037037035,0.037037037037037035,0.037037037037037035,0.037037037037037035,9,51,53,8,18,0,223202.0
97,1,1,1,1,0,0,0,0,1,1,1,2,0.010309278350515464,0.010309278350515464,0.010309278350515464,0.020618556701030927,23,58,92,51,18,0,130226.0
94,1,1,1,1,0,0,0,0,3,2,1,1,0.031914893617021274,0.02127659574468085,0.010638297872340425,0.010638297872340425,41,74,23,56,16,3,560454.0
16,1,1,1,1,0,0,0,0,1,1,2,2,0.0625,0.0625,0.125,0.125,8,9,3,8,8,4,407772.0
86,1,1,1,1,0,0,0,0,2,1,1,1,0.023255813953488372,0.011627906976744186,0.011627906976744186,0.011627906976744186,21,65,65,13,11,3,202676.0
7,1,1,1,1,0,0,0,0,3,2,2,1,0.42857142857142855,0.2857142857142857,0.2857142857142857,0.14285714285714285,3,1,4,6,22,1,393621.0
23,1,1,1,1,0,0,0,0,1,1,2,2,0.043478260869565216,0.043478260869565216,0.08695652173913043,0.08695652173913043,6,7,4,7,9,1,415839.0
17,1,1,1,1,0,0,0,0,1,2,1,1,0.058823529411764705,0.11764705882352941,0.058823529411764705,0.058823529411764705,2,4,8,12,13,3,315659.0
30,1,1,1,1,0,0,0,0,1,1,1,2,0.03333333333333333,0.03333333333333333,0.03333333333333333,0.06666666666666667,10,10,12,10,17,5,65775.0
44,1,1,1,1,0,0,0,0,1,1,1,1,0.022727272727272728,0.022727272727272728,0.022727272727272728,0.022727272727272728,11,15,18,34,19,0,228553.0
85,1,1,1,1,0,0,0,0,2,1,2,1,0.023529411764705882,0.011764705882352941,0.023529411764705882,0.011764705882352941,1,54,44,65,12,5,254824.0
75,1,1,1,1,0,0,0,0,1,1,2,2,0.013333333333333334,0.013333333333333334,0.02666666666666667,0.02666666666666667,35,25,2,74,16,1,461987.0
90,1,1,1,1,0,0,0,0,1,2,2,2,0.011111111111111112,0.022222222222222223,0.022222222222222223,0.022222222222222223,29,25,84,89,22,5,25668.0
39,1,1,1,1,0,0,0,0,2,2,2,2,0.05128205128205128,0.05128205128205128,0.05128205128205128,0.05128205128205128,3,31,14,4,22,1,9875.0
12,1,1,1,1,0,0,0,0,2,1,2,2,0.16666666666666666,0.08333333333333333,0.16666666666666666,0.16666666666666666,2,1,6,2,22,2,287237.0
6,1,1,1,1,0,0,0,0,1,1,1,2,0.16666666666666666,0.16666666666666666,0.16666666666666666,0.3333333333333333,3,6,2,5,15,0,54910.0
57,1,1,1,1,0,0,0,0,2,1,2,2,0.03508771929824561,0.017543859649122806,0.03508771929824561,0.03508771929824561,15,57,56,56,11,6,305178.0
73,1,1,1,1,0,0,0,0,3,1,1,1,0.0410958904109589,0.0136986301369863,0.0136986301369863,0.0136986301369863,11,31,63,63,13,2,321009.0
91,1,1,1,1,0,0,0,0,3,1,1,2,0.03296703296703297,0.01098901098901099,0.01098901098901099,0.02197802197802198,14,19,3,37,13,3,121118.0
72,1,1,1,1,0,0,0,0,3,1,1,2,0.041666666666666664,0.013888888888888888,0.013888888888888888,0.027777777777777776,25,27,19,37,12,2,211029.0
33,1,1,1,1,0,0,0,0,3,1,1,2,0.09090909090909091,0.030303030303030304,0.030303030303030304,0.06060606060606061,6,4,29,2,16,1,129372.0
8,1,1,1,1,0,0,0,0,3,1,1,2,0.375,0.125,0.125,0.25,1,5,4,5,8,6,144270.0
69,1,1,1,1,0,0,0,0,3,1,1,1,0.043478260869565216,0.014492753623188406,0.014492753623188406,0.014492753623188406,28,63,65,16,16,1,429642.0
44,1,1,1,1,0,0,0,0,3,2,2,1,0.06818181818181818,0.045454545454545456,0.045454545454545456,0.022727272727272728,8,24,8,5,15,5,322537.0
79,1,1,1,1,0,0,0,0,1,1,2,1,0.012658227848101266,0.012658227848101266,0.02531645569620253,0.012658227848101266,1,6,74,48,11,1,23983.0
94,1,1,1,1,0,0,0,0,1,2,1,1,0.010638297872340425,0.02127659574468085,0.010638297872340425,0.010638297872340425,13,78,4,34,11,1,116739.0
91,1,1,1,1,0,0,0,0,2,1,1,2,0.02197802197802198,0.01098901098901099,0.01098901098901099,0.02197802197802198,16,32,30,30,8,4,15302.0
26,1,1,1,1,0,0,0,0,1,1,2,2,0.038461538461538464,0.038461538461538464,0.07692307692307693,0.07692307692307693,13,10,25,2,15,5,321675.0
93,1,1,1,1,0,0,0,0,1,1,2,1,0.010752688172043012,0.010752688172043012,0.021505376344086023,0.010752688172043012,36,69,79,45,21,1,262728.0
16,1,1,1,1,0,0,0,0,3,2,2,2,0.1875,0.125,0.125,0.125,3,2,15,8,8,6,601334.0
47,1,1,1,1,0,0,0,0,3,1,1,1,0.06382978723404255,0.02127659574468085,0.02127659574468085,0.02127659574468085,16,7,2,32,19,5,483382.0
81,1,1,1,1,0,0,0,0,2,2,2,1,0.024691358024691357,0.024691358024691357,0.024691358024691357,0.012345679012345678,4,61,23,80,13,5,25736.0
67,1,1,1,1,0,0,0,0,2,1,1,2,0.029850746268656716,0.014925373134328358,0.014925373134328358,0.029850746268656716,13,57,29,4,21,1,163545.0
86,1,1,1,1,0,0,0,0,3,2,1,2,0.03488372093023256,0.023255813953488372,0.011627906976744186,0.023255813953488372,15,64,44,5,13,3,155703.0
40,1,1,1,1,0,0,0,0,2,1,1,2,0.05,0.025,0.025,0.05,8,25,23,23,13,3,498312.0
96,1,1,1,1,0,0,0,0,1,2,2,1,0.010416666666666666,0.020833333333333332,0.020833333333333332,0.010416666666666666,38,48,93,56,20,1,85995.0
93,1,1,1,1,0,0,0,0,2,2,1,1,0.021505376344086023,0.021505376344086023,0.010752688172043012,0.010752688172043012,38,29,55,30,11,1,562225.0
94,1,1,1,1,0,0,0,0,1,1,2,1,0.010638297872340425,0.010638297872340425,0.02127659574468085,0.010638297872340425,34,25,6,32,16,1,493468.0
6,1,1,1,1,0,0,0,0,1,2,2,1,0.16666666666666666,0.3333333333333333,0.3333333333333333,0.16666666666666666,1,1,4,3,8,2,566732.0
29,1,1,1,1,0,0,0,0,3,1,1,1,0.10344827586206896,0.034482758620689655,0.034482758620689655,0.034482758620689655,5,4,18,10,18,3,267751.0
49,1,1,1,1,0,0,0,0,1,2,1,2,0.02040816326530612,0.04081632653061224,0.02040816326530612,0.04081632653061224,24,38,23,16,20,1,291772.0
78,1,1,1,1,0,0,0,0,3,2,1,2,0.038461538461538464,0.02564102564102564,0.01282051282051282,0.02564102564102564,5,46,73,52,22,2,190382.0
35,1,1,1,1,0,0,0,0,2,2,1,2,0.05714285714285714,0.05714285714285714,0.02857142857142857,0.05714285714285714,8,11,7,20,21,6,153245.0
50,1,1,1,1,0,0,0,0,3,2,1,2,0.06,0.04,0.02,0.04,1,6,33,6,12,4,396442.0
47,1,1,1,1,0,0,0,0,1,2,2,2,0.02127659574468085,0.0425531914893617,0.0425531914893617,0.0425531914893617,18,19,42,23,9,5,193674.0
94,1,1,1,1,0,0,0,0,2,2,2,1,0.02127659574468085,0.02127659574468085,0.02127659574468085,0.010638297872340425,14,79,6,45,12,3,153996.0
68,1,1,1,1,0,0,0,0,2,1,1,2,0.029411764705882353,0.014705882352941176,0.014705882352941176,0.029411764705882353,9,21,43,23,13,1,208927.0
70,1,1,1,1,0,0,0,0,2,2,2,1,0.02857142857142857,0.02857142857142857,0.02857142857142857,0.014285714285714285,14,21,42,19,22,2,315722.0
16,1,1,1,1,0,0,0,0,3,2,2,1,0.1875,0.125,0.125,0.0625,1,12,7,16,18,3,596764.0
81,1,1,1,1,0,0,0,0,2,1,1,1,0.024691358024691357,0.012345679012345678,0.012345679012345678,0.012345679012345678,23,3,11,58,19,0,307072.0
12,1,1,1,1,0,0,0,0,3,2,2,2,0.25,0.16666666666666666,0.16666666666666666,0.16666666666666666,4,12,8,6,19,4,509526.0
54,1,1,1,1,0,0,0,0,3,1,1,1,0.05555555555555555,0.018518518518518517,0.018518518518518517,0.018518518518518517,16,39,12,9,20,5,392172.0
51,1,1,1,1,0,0,0,0,2,1,1,2,0.0392156862745098,0.0196078431372549,0.0196078431372549,0.0392156862745098,9,36,36,16,10,4,56653.0
52,1,1,1,1,0,0,0,0,3,2,2,1,0.057692307692307696,0.038461538461538464,0.038461538461538464,0.019230769230769232,6,15,16,11,22,1,428327.0
60,1,1,1,1,0,0,0,0,2,1,1,2,0.03333333333333333,0.016666666666666666,0.016666666666666666,0.03333333333333333,9,42,3,5,18,4,26169.0
90,1,1,1,1,0,0,0,0,1,2,2,2,0.011111111111111112,0.022222222222222223,0.022222222222222223,0.022222222222222223,43,29,69,19,14,1,293991.0
87,1,1,1,1,0,0,0,0,2,1,1,2,0.022988505747126436,0.011494252873563218,0.011494252873563218,0.022988505747126436,23,49,38,26,16,4,543189.0
63,1,1,1,1,0,0,0,0,3,2,1,1,0.047619047619047616,0.031746031746031744,0.015873015873015872,0.015873015873015872,12,1,12,49,12,1,173906.0
31,1,1,1,1,0,0,0,0,1,1,2,2,0.03225806451612903,0.03225806451612903,0.06451612903225806,0.06451612903225806,8,20,29,27,7,6,40564.0
7,1,1,1,1,0,0,0,0,2,2,1,1,0.2857142857142857,0.2857142857142857,0.14285714285714285,0.14285714285714285,1,3,7,3,10,0,119869.0
17,1,1,1,1,0,0,0,0,2,1,1,2,0.11764705882352941,0.058823529411764705,0.058823529411764705,0.11764705882352941,5,3,7,6,20,2,83865.0
74,1,1,1,1,0,0,0,0,2,1,2,1,0.02702702702702703,0.013513513513513514,0.02702702702702703,0.013513513513513514,33,62,28,42,16,4,41871.0
35,1,1,1,1,0,0,0,0,1,2,1,2,0.02857142857142857,0.05714285714285714,0.02857142857142857,0.05714285714285714,13,34,11,1,18,0,40213.0
99,1,1,1,1,0,0,0,0,3,2,2,1,0.030303030303030304,0.020202020202020204,0.020202020202020204,0.010101010101010102,5,30,3,88,7,3,516284.0
74,1,1,1,1,0,0,0,0,1,1,2,2,0.013513513513513514,0.013513513513513514,0.02702702702702703,0.02702702702702703,16,22,59,66,14,0,302829.0
89,1,1,1,1,0,0,0,0,3,1,1,2,0.033707865168539325,0.011235955056179775,0.011235955056179775,0.02247191011235955,37,85,5,26,14,0,536062.0
15,1,1,1,1,0,0,0,0,2,2,2,2,0.13333333333333333,0.13333333333333333,0.13333333333333333,0.13333333333333333,2,13,7,1,12,2,315397.0
30,1,1,1,1,0,0,0,0,2,1,1,2,0.06666666666666667,0.03333333333333333,0.03333333333333333,0.06666666666666667,5,23,8,26,12,0,90735.0
81,1,1,1,1,0,0,0,0,3,1,2,2,0.037037037037037035,0.012345679012345678,0.024691358024691357,0.024691358024691357,6,37,57,79,20,0,143707.0
46,1,1,1,1,0,0,0,0,1,2,1,1,0.021739130434782608,0.043478260869565216,0.021739130434782608,0.021739130434782608,2,14,36,9,22,1,27200.0
36,1,1,1,1,0,0,0,0,3,1,1,2,0.08333333333333333,0.027777777777777776,0.027777777777777776,0.05555555555555555,11,13,28,31,12,3,6672.0
34,1,1,1,1,0,0,0,0,2,1,2,2,0.058823529411764705,0.029411764705882353,0.058823529411764705,0.058823529411764705,5,14,7,18,8,2,335845.0
63,1,1,1,1,0,0,0,0,2,1,2,2,0.031746031746031744,0.015873015873015872,0.031746031746031744,0.031746031746031744,24,30,57,25,19,1,149592.0
55,1,1,1,1,0,0,0,0,2,2,1,2,0.03636363636363636,0.03636363636363636,0.01818181818181818,0.03636363636363636,9,30,52,30,17,6,589433.0
52,1,1,1,1,0,0,0,0,2,1,2,2,0.038461538461538464,0.019230769230769232,0.038461538461538464,0.038461538461538464,13,19,6,21,10,6,319142.0
18,1,1,1,1,0,0,0,0,1,2,2,2,0.05555555555555555,0.1111111111111111,0.1111111111111111,0.1111111111111111,2,2,4,14,19,5,58680.0
19,1,1,1,1,0,0,0,0,3,2,2,1,0.15789473684210525,0.10526315789473684,0.10526315789473684,0.05263157894736842,1,2,14,17,17,1,458059.0
10,1,1,1,1,0,0,0,0,3,2,2,2,0.3,0.2,0.2,0.2,3,5,4,10,18,1,578778.0
10,1,1,1,1,0,0,0,0,2,1,2,1,0.2,0.1,0.2,0.1,3,7,8,4,22,3,97053.0
5,1,1,1,1,0,0,0,0,1,2,2,1,0.2,0.4,0.4,0.2,1,5,3,1,7,3,244542.0
85,1,1,1,1,0,0,0,0,2,2,2,1,0.023529411764705882,0.023529411764705882,0.023529411764705882,0.011764705882352941,28,53,62,17,17,1,477951.0
80,1,1,1,1,0,0,0,0,2,2,2,1,0.025,0.025,0.025,0.0125,25,63,9,9,11,5,318999.0
97,1,1,1,1,0,0,0,0,3,2,2,1,0.030927835051546393,0.020618556701030927,0.020618556701030927,0.010309278350515464,5,39,58,18,10,0,443949.0
90,1,1,1,1,0,0,0,0,3,1,2,2,0.03333333333333333,0.011111111111111112,0.022222222222222223,0.022222222222222223,27,27,31,66,14,5,522620.0
8,1,1,1,1,0,0,0,0,3,1,2,1,0.375,0.125,0.25,0.125,2,3,1,7,9,2,116790.0
20,1,1,1,1,0,0,0,0,2,2,2,1,0.1,0.1,0.1,0.05,6,20,5,19,8,1,204646.0
8,1,1,1,1,0,0,0,0,3,2,1,2,0.375,0.25,0.125,0.25,4,7,7,5,8,6,368140.0
90,1,1,1,1,0,0,0,0,3,1,1,1,0.03333333333333333,0.011111111111111112,0.011111111111111112,0.011111111111111112,3,87,84,84,21,4,315819.0
99,1,1,1,1,0,0,0,0,2,2,1,2,0.020202020202020204,0.020202020202020204,0.010101010101010102,0.020202020202020204,41,68,50,20,7,4,413106.0
78,1,1,1,1,0,0,0,0,3,1,2,2,0.038461538461538464,0.01282051282051282,0.02564102564102564,0.02564102564102564,11,66,5,47,22,4,566739.0
10,1,1,1,1,0,0,0,0,2,2,2,2,0.2,0.2,0.2,0.2,3,7,5,9,8,1,58570.0
71,1,1,1,1,0,0,0,0,1,1,2,1,0.014084507042253521,0.014084507042253521,0.028169014084507043,0.014084507042253521,6,2,17,65,15,6,130158.0
38,1,1,1,1,0,0,0,0,1,1,2,2,0.02631578947368421,0.02631578947368421,0.05263157894736842,0.05263157894736842,7,30,24,12,21,3,91371.0
96,1,1,1,1,0,0,0,0,3,1,2,2,0.03125,0.010416666666666666,0.020833333333333332,0.020833333333333332,40,25,61,52,16,4,386617.0
53,1,1,1,1,0,0,0,0,3,2,1,1,0.05660377358490566,0.03773584905660377,0.018867924528301886,0.018867924528301886,25,49,32,10,19,1,228217.0
36,1,1,1,1,0,0,0,0,1,2,2,1,0.027777777777777776,0.05555555555555555,0.05555555555555555,0.027777777777777776,10,1,16,19,12,5,151139.0
18,1,1,1,1,0,0,0,0,2,2,1,1,0.1111111111111111,0.1111111111111111,0.05555555555555555,0.05555555555555555,9,8,4,12,12,6,177829.0
57,1,1,1,1,0,0,0,0,2,1,1,1,0.03508771929824561,0.017543859649122806,0.017543859649122806,0.017543859649122806,19,44,55,19,11,3,419006.0
99,1,1,1,1,0,0,0,0,1,1,1,1,0.010101010101010102,0.010101010101010102,0.010101010101010102,0.010101010101010102,23,87,4,81,16,4,410261.0
15,1,1,1,1,0,0,0,0,3,1,2,2,0.2,0.06666666666666667,0.13333333333333333,0.13333333333333333,5,5,6,8,7,5,60504.0
48,1,1,1,1,0,0,0,0,2,1,2,1,0.041666666666666664,0.020833333333333332,0.041666666666666664,0.020833333333333332,1,32,27,31,19,3,500043.0
40,1,1,1,1,0,0,0,0,2,1,2,1,0.05,0.025,0.05,0.025,14,33,35,38,8,0,560159.0
41,1,1,1,1,0,0,0,0,1,1,2,1,0.024390243902439025,0.024390243902439025,0.04878048780487805,0.024390243902439025,2,30,8,15,7,4,269324.0
87,1,1,1,1,0,0,0,0,2,1,1,1,0.022988505747126436,0.011494252873563218,0.011494252873563218,0.011494252873563218,20,8,36,75,19,4,540171.0
79,1,1,1,1,0,0,0,0,2,2,1,2,0.02531645569620253,0.02531645569620253,0.012658227848101266,0.02531645569620253,12,58,73,40,8,2,246102.0
93,1,1,1,1,0,0,0,0,3,2,2,1,0.03225806451612903,0.021505376344086023,0.021505376344086023,0.010752688172043012,19,78,63,49,14,4,455707.0
51,1,1,1,1,0,0,0,0,1,1,1,1,0.0196078431372549,0.0196078431372549,0.0196078431372549,0.0196078431372549,16,41,12,41,17,0,212458.0
33,1,1,1,1,0,0,0,0,3,2,2,2,0.09090909090909091,0.06060606060606061,0.06060606060606061,0.06060606060606061,8,11,26,3,11,0,298958.0
33,1,1,1,1,0,0,0,0,1,1,2,2,0.030303030303030304,0.030303030303030304,0.06060606060606061,0.06060606060606061,14,31,30,12,21,6,580366.0
38,1,1,1,1,0,0,0,0,1,2,2,2,0.02631578947368421,0.05263157894736842,0.05263157894736842,0.05263157894736842,11,6,17,28,15,2,207245.0
10,1,1,1,1,0,0,0,0,1,2,1,2,0.1,0.2,0.1,0.2,1,6,5,9,21,3,381138.0
71,1,1,1,1,0,0,0,0,2,1,1,1,0.028169014084507043,0.014084507042253521,0.014084507042253521,0.014084507042253521,17,44,15,18,20,2,120030.0
72,1,1,1,1,0,0,0,0,3,2,2,2,0.041666666666666664,0.027777777777777776,0.027777777777777776,0.027777777777777776,21,21,63,20,11,5,533209.0
37,1,1,1,1,0,0,0,0,3,2,2,1,0.08108108108108109,0.05405405405405406,0.05405405405405406,0.02702702702702703,12,7,32,3,22,1,254149.0
27,1,1,1,1,0,0,0,0,3,1,2,1,0.1111111111111111,0.037037037037037035,0.07407407407407407,0.037037037037037035,6,25,26,6,13,2,342019.0
56,1,1,1,1,0,0,0,0,1,2,1,1,0.017857142857142856,0.03571428571428571,0.017857142857142856,0.017857142857142856,24,39,23,52,13,3,148814.0
22,1,1,1,1,0,0,0,0,2,2,2,1,0.09090909090909091,0.09090909090909091,0.09090909090909091,0.045454545454545456,10,14,2,17,16,2,282638.0
33,1,1,1,1,0,0,0,0,2,2,1,1,0.06060606060606061,0.06060606060606061,0.030303030303030304,0.030303030303030304,7,17,16,11,16,1,303024.0
16,1,1,1,1,0,0,0,0,2,2,2,2,0.125,0.125,0.125,0.125,6,2,6,11,19,4,516296.0
30,1,1,1,1,0,0,0,0,1,1,2,2,0.03333333333333333,0.03333333333333333,0.06666666666666667,0.06666666666666667,5,24,23,11,10,5,406084.0
21,1,1,1,1,0,0,0,0,1,1,2,1,0.047619047619047616,0.047619047619047616,0.09523809523809523,0.047619047619047616,10,9,9,2,21,1,596904.0
52,1,1,1,1,0,0,0,0,3,1,1,2,0.057692307692307696,0.019230769230769232,0.019230769230769232,0.038461538461538464,22,29,2,50,13,6,526627.0
85,1,1,1,1,0,0,0,0,3,2,2,1,0.03529411764705882,0.023529411764705882,0.023529411764705882,0.011764705882352941,17,63,70,48,18,0,283323.0
53,1,1,1,1,0,0,0,0,3,1,1,1,0.05660377358490566,0.018867924528301886,0.018867924528301886,0.018867924528301886,5,30,35,43,22,0,149585.0
33,1,1,1,1,0,0,0,0,1,2,1,1,0.030303030303030304,0.06060606060606061,0.030303030303030304,0.030303030303030304,14,32,8,11,15,3,599280.0
43,1,1,1,1,0,0,0,0,1,1,2,2,0.023255813953488372,0.023255813953488372,0.046511627906976744,0.046511627906976744,11,40,35,11,12,4,248209.0
45,1,1,1,1,0,0,0,0,1,1,2,2,0.022222222222222223,0.022222222222222223,0.044444444444444446,0.044444444444444446,18,14,7,8,13,3,540035.0
90,1,1,1,1,0,0,0,0,1,2,1,1,0.011111111111111112,0.022222222222222223,0.011111111111111112,0.011111111111111112,25,4,31,50,11,4,278263.0
80,1,1,1,1,0,0,0,0,1,1,2,1,0.0125,0.0125,0.025,0.0125,29,8,47,80,8,2,510707.0
55,1,1,1,1,0,0,0,0,1,1,2,2,0.01818181818181818,0.01818181818181818,0.03636363636363636,0.03636363636363636,10,27,44,10,10,5,112942.0
78,1,1,1,1,0,0,0,0,2,2,1,2,0.02564102564102564,0.02564102564102564,0.01282051282051282,0.02564102564102564,9,3,57,42,20,0,48914.0
58,1,1,1,1,0,0,0,0,3,1,2,2,0.05172413793103448,0.017241379310344827,0.034482758620689655,0.034482758620689655,26,30,41,31,17,3,317604.0
46,1,1,1,1,0,0,0,0,2,2,2,2,0.043478260869565216,0.043478260869565216,0.043478260869565216,0.043478260869565216,3,28,15,2,8,4,571421.0
53,1,1,1,1,0,0,0,0,2,1,2,1,0.03773584905660377,0.018867924528301886,0.03773584905660377,0.018867924528301886,22,44,53,16,9,2,483557.0
25,1,1,1,1,0,0,0,0,3,1,1,1,0.12,0.04,0.04,0.04,10,16,9,17,17,3,310925.0
14,1,1,1,1,0,0,0,0,1,2,1,1,0.07142857142857142,0.14285714285714285,0.07142857142857142,0.07142857142857142,1,12,2,2,17,1,212572.0
34,1,1,1,1,0,0,0,0,1,2,2,1,0.029411764705882353,0.058823529411764705,0.058823529411764705,0.029411764705882353,12,25,19,20,21,3,233135.0
56,1,1,1,1,0,0,0,0,3,2,1,1,0.05357142857142857,0.03571428571428571,0.017857142857142856,0.017857142857142856,21,13,56,46,20,0,350606.0
55,1,1,1,1,0,0,0,0,2,2,1,2,0.03636363636363636,0.03636363636363636,0.01818181818181818,0.03636363636363636,19,42,43,19,22,0,297872.0
62,1,1,1,1,0,0,0,0,1,1,2,2,0.016129032258064516,0.016129032258064516,0.03225806451612903,0.03225806451612903,4,18,16,40,12,4,442143.0
80,1,1,1,1,0,0,0,0,1,2,1,1,0.0125,0.025,0.0125,0.0125,2,17,70,17,18,2,24217.0
47,1,1,1,1,0,0,0,0,1,1,2,2,0.02127659574468085,0.02127659574468085,0.0425531914893617,0.0425531914893617,7,37,29,12,13,0,558424.0
76,1,1,1,1,0,0,0,0,1,2,2,2,0.013157894736842105,0.02631578947368421,0.02631578947368421,0.02631578947368421,3,67,73,75,22,6,447007.0
10,1,1,1,1,0,0,0,0,2,1,1,2,0.2,0.1,0.1,0.2,5,6,8,2,10,6,272927.0
56,1,1,1,1,0,0,0,0,2,1,2,2,0.03571428571428571,0.017857142857142856,0.03571428571428571,0.03571428571428571,20,20,37,54,17,3,163624.0
54,1,1,1,1,0,0,0,0,2,2,1,1,0.037037037037037035,0.037037037037037035,0.018518518518518517,0.018518518518518517,22,21,24,30,14,5,148436.0
77,1,1,1,1,0,0,0,0,1,1,2,2,0.012987012987012988,0.012987012987012988,0.025974025974025976,0.025974025974025976,9,46,5,6,19,5,227726.0
64,1,1,1,1,0,0,0,0,2,1,1,1,0.03125,0.015625,0.015625,0.015625,27,27,21,35,19,1,568240.0
49,1,1,1,1,0,0,0,0,2,2,1,1,0.04081632653061224,0.04081632653061224,0.02040816326530612,0.02040816326530612,18,1,23,49,13,4,317719.0
25,1,1,1,1,0,0,0,0,1,2,1,1,0.04,0.08,0.04,0.04,5,21,4,22,13,4,336860.0
33,1,1,1,1,0,0,0,0,3,1,1,2,0.09090909090909091,0.030303030303030304,0.030303030303030304,0.06060606060606061,10,30,16,1,7,3,150971.0
92,1,1,1,1,0,0,0,0,1,2,1,1,0.010869565217391304,0.021739130434782608,0.010869565217391304,0.010869565217391304,13,14,37,31,15,3,658.0
16,1,1,1,1,0,0,0,0,1,1,1,1,0.0625,0.0625,0.0625,0.0625,5,5,6,8,15,2,134205.0
43,1,1,1,1,0,0,0,0,1,1,2,1,0.023255813953488372,0.023255813953488372,0.046511627906976744,0.023255813953488372,3,31,6,9,9,6,593477.0
59,1,1,1,1,0,0,0,0,2,2,2,2,0.03389830508474576,0.03389830508474576,0.03389830508474576,0.03389830508474576,29,44,6,24,22,2,123434.0
87,1,1,1,1,0,0,0,0,2,2,1,1,0.022988505747126436,0.022988505747126436,0.011494252873563218,0.011494252873563218,17,39,82,27,9,2,603027.0
50,1,1,1,1,0,0,0,0,2,2,2,1,0.04,0.04,0.04,0.02,25,30,3,21,21,2,343438.0
63,1,1,1,1,0,0,0,0,3,2,1,2,0.047619047619047616,0.031746031746031744,0.015873015873015872,0.031746031746031744,17,10,43,8,14,2,93785.0
83,1,1,1,1,0,0,0,0,1,1,2,2,0.012048192771084338,0.012048192771084338,0.024096385542168676,0.024096385542168676,2,24,59,65,22,3,4585.0
87,1,1,1,1,0,0,0,0,1,1,2,2,0.011494252873563218,0.011494252873563218,0.022988505747126436,0.022988505747126436,3,15,52,23,17,2,355735.0
50,1,1,1,1,0,0,0,0,2,1,2,2,0.04,0.02,0.04,0.04,15,29,11,46,16,5,533384.0
92,1,1,1,1,0,0,0,0,3,2,1,2,0.03260869565217391,0.021739130434782608,0.010869565217391304,0.021739130434782608,15,66,8,85,10,4,6825.0
19,1,1,1,1,0,0,0,0,3,2,1,1,0.15789473684210525,0.10526315789473684,0.05263157894736842,0.05263157894736842,8,19,4,13,11,5,253009.0
16,1,1,1,1,0,0,0,0,1,2,2,1,0.0625,0.125,0.125,0.0625,8,11,15,15,9,0,469754.0
22,1,1,1,1,0,0,0,0,1,1,2,2,0.045454545454545456,0.045454545454545456,0.09090909090909091,0.09090909090909091,6,5,8,16,9,3,7201.0
35,1,1,1,1,0,0,0,0,1,2,2,1,0.02857142857142857,0.05714285714285714,0.05714285714285714,0.02857142857142857,14,23,34,32,8,5,358174.0
15,1,1,1,1,0,0,0,0,1,2,2,1,0.06666666666666667,0.13333333333333333,0.13333333333333333,0.06666666666666667,3,13,5,3,16,6,110919.0
29,1,1,1,1,0,0,0,0,2,1,2,1,0.06896551724137931,0.034482758620689655,0.06896551724137931,0.034482758620689655,2,8,27,28,15,2,495661.0
23,1,1,1,1,0,0,0,0,2,2,2,1,0.08695652173913043,0.08695652173913043,0.08695652173913043,0.043478260869565216,8,15,21,5,16,5,168309.0
75,1,1,1,1,0,0,0,0,1,2,2,1,0.013333333333333334,0.02666666666666667,0.02666666666666667,0.013333333333333334,3,56,19,38,7,6,331994.0
93,1,1,1,1,0,0,0,0,1,1,2,2,0.010752688172043012,0.010752688172043012,0.021505376344086023,0.021505376344086023,37,87,77,14,11,6,332034.0
87,1,1,1,1,0,0,0,0,2,1,1,2,0.022988505747126436,0.011494252873563218,0.011494252873563218,0.022988505747126436,29,12,19,75,22,5,59372.0
63,1,1,1,1,0,0,0,0,3,2,2,1,0.047619047619047616,0.031746031746031744,0.031746031746031744,0.015873015873015872,8,18,47,5,8,2,468381.0
67,1,1,1,1,0,0,0,0,2,2,1,1,0.029850746268656716,0.029850746268656716,0.014925373134328358,0.014925373134328358,3,51,51,18,11,2,537856.0
51,1,1,1,1,0,0,0,0,3,1,2,2,0.058823529411764705,0.0196078431372549,0.0392156862745098,0.0392156862745098,7,45,37,40,22,1,55429.0
60,1,1,1,1,0,0,0,0,1,1,1,1,0.016666666666666666,0.016666666666666666,0.016666666666666666,0.016666666666666666,12,22,45,36,14,0,345203.0
21,1,1,1,1,0,0,0,0,1,1,1,1,0.047619047619047616,0.047619047619047616,0.047619047619047616,0.047619047619047616,3,18,19,1,16,4,228644.0
49,1,1,1,1,0,0,0,0,3,1,1,1,0.061224489795918366,0.02040816326530612,0.02040816326530612,0.02040816326530612,7,19,12,8,22,0,427066.0
73,1,1,1,1,0,0,0,0,2,2,1,1,0.0273972602739726,0.0273972602739726,0.0136986301369863,0.0136986301369863,7,43,47,66,13,1,559009.0
68,1,1,1,1,0,0,0,0,3,1,1,1,0.04411764705882353,0.014705882352941176,0.014705882352941176,0.014705882352941176,26,15,67,12,14,2,388621.0
69,1,1,1,1,0,0,0,0,3,2,1,1,0.043478260869565216,0.028985507246376812,0.014492753623188406,0.014492753623188406,31,34,7,57,17,0,473473.0
62,1,1,1,1,0,0,0,0,2,2,1,1,0.03225806451612903,0.03225806451612903,0.016129032258064516,0.016129032258064516,20,13,10,53,10,3,163278.0
26,1,1,1,1,0,0,0,0,2,2,1,1,0.07692307692307693,0.07692307692307693,0.038461538461538464,0.038461538461538464,4,5,23,9,12,0,269793.0
91,1,1,1,1,0,0,0,0,2,2,1,1,0.02197802197802198,0.02197802197802198,0.01098901098901099,0.01098901098901099,33,6,41,29,7,3,583037.0
11,1,1,1,1,0,0,0,0,3,2,2,1,0.2727272727272727,0.18181818181818182,0.18181818181818182,0.09090909090909091,5,1,10,8,12,0,369531.0
13,1,1,1,1,0,0,0,0,2,2,1,1,0.15384615384615385,0.15384615384615385,0.07692307692307693,0.07692307692307693,2,3,2,4,17,2,472312.0
82,1,1,1,1,0,0,0,0,3,2,1,2,0.036585365853658534,0.024390243902439025,0.012195121951219513,0.024390243902439025,9,39,38,62,15,5,555868.0
42,1,1,1,1,0,0,0,0,3,1,2,1,0.07142857142857142,0.023809523809523808,0.047619047619047616,0.023809523809523808,18,17,41,6,14,6,28769.0
30,1,1,1,1,0,0,0,0,1,1,1,2,0.03333333333333333,0.03333333333333333,0.03333333333333333,0.06666666666666667,4,5,6,29,22,1,118238.0
10,1,1,1,1,0,0,0,0,3,2,2,1,0.3,0.2,0.2,0.1,4,1,7,6,12,4,390980.0
46,1,1,1,1,0,0,0,0,1,1,2,1,0.021739130434782608,0.021739130434782608,0.043478260869565216,0.021739130434782608,7,32,12,18,18,4,397040.0
5,1,1,1,1,0,0,0,0,2,1,2,1,0.4,0.2,0.4,0.2,1,4,4,5,11,6,165054.0
66,1,1,1,1,0,0,0,0,1,2,1,2,0.015151515151515152,0.030303030303030304,0.015151515151515152,0.030303030303030304,11,53,30,5,10,4,116779.0
31,1,1,1,1,0,0,0,0,2,1,1,2,0.06451612903225806,0.03225806451612903,0.03225806451612903,0.06451612903225806,11,23,30,4,13,1,544994.0
56,1,1,1,1,0,0,0,0,1,2,1,1,0.017857142857142856,0.03571428571428571,0.017857142857142856,0.017857142857142856,21,29,43,32,20,3,34419.0
11,1,1,1,1,0,0,0,0,3,1,1,1,0.2727272727272727,0.09090909090909091,0.09090909090909091,0.09090909090909091,2,7,2,6,22,0,38559.0
30,1,1,1,1,0,0,0,0,3,1,2,1,0.1,0.03333333333333333,0.06666666666666667,0.03333333333333333,12,3,22,5,20,2,111206.0
36,1,1,1,1,0,0,0,0,1,1,2,1,0.027777777777777776,0.027777777777777776,0.05555555555555555,0.027777777777777776,7,30,5,15,9,3,200682.0
9,1,1,1,1,0,0,0,0,1,2,1,2,0.1111111111111111,0.2222222222222222,0.1111111111111111,0.2222222222222222,4,5,3,7,22,0,583251.0
94,1,1,1,1,0,0,0,0,1,1,2,1,0.010638297872340425,0.010638297872340425,0.02127659574468085,0.010638297872340425,29,7,65,22,8,0,114089.0
56,1,1,1,1,0,0,0,0,1,2,2,1,0.017857142857142856,0.03571428571428571,0.03571428571428571,0.017857142857142856,28,37,38,10,18,3,595477.0
50,1,1,1,1,0,0,0,0,3,1,1,1,0.06,0.02,0.02,0.02,22,37,19,35,7,0,306804.0
64,1,1,1,1,0,0,0,0,3,2,1,2,0.046875,0.03125,0.015625,0.03125,16,53,12,2,7,6,48768.0
94,1,1,1,1,0,0,0,0,3,1,2,1,0.031914893617021274,0.010638297872340425,0.02127659574468085,0.010638297872340425,7,55,28,28,10,4,16300.0
28,1,1,1,1,0,0,0,0,2,1,2,1,0.07142857142857142,0.03571428571428571,0.07142857142857142,0.03571428571428571,10,22,11,8,15,4,56965.0
58,1,1,1,1,0,0,0,0,1,2,2,2,0.017241379310344827,0.034482758620689655,0.034482758620689655,0.034482758620689655,23,18,54,48,21,5,392773.0
54,1,1,1,1,0,0,0,0,3,2,1,1,0.05555555555555555,0.037037037037037035,0.018518518518518517,0.018518518518518517,1,13,4,12,8,6,57724.0
64,1,1,1,1,0,0,0,0,2,1,2,2,0.03125,0.015625,0.03125,0.03125,26,63,38,44,9,5,452346.0
29,1,1,1,1,0,0,0,0,2,2,1,2,0.06896551724137931,0.06896551724137931,0.034482758620689655,0.06896551724137931,4,3,10,25,11,3,491030.0
8,1,1,1,1,0,0,0,0,3,1,2,1,0.375,0.125,0.25,0.125,1,7,7,8,17,3,117886.0
33,1,1,1,1,0,0,0,0,2,1,1,1,0.06060606060606061,0.030303030303030304,0.030303030303030304,0.030303030303030304,8,8,4,5,15,2,60492.0
53,1,1,1,1,0,0,0,0,1,1,1,1,0.018867924528301886,0.018867924528301886,0.018867924528301886,0.018867924528301886,25,13,16,13,12,5,194835.0
67,1,1,1,1,0,0,0,0,3,2,2,2,0.04477611940298507,0.029850746268656716,0.029850746268656716,0.029850746268656716,31,53,21,9,8,6,336427.0
33,1,1,1,1,0,0,0,0,2,1,2,2,0.06060606060606061,0.030303030303030304,0.06060606060606061,0.06060606060606061,15,10,16,5,22,3,334489.0
44,1,1,1,1,0,0,0,0,1,2,1,2,0.022727272727272728,0.045454545454545456,0.022727272727272728,0.045454545454545456,1,13,36,4,8,5,186772.0
31,1,1,1,1,0,0,0,0,2,1,1,1,0.06451612903225806,0.03225806451612903,0.03225806451612903,0.03225806451612903,2,5,22,10,8,0,288571.0
84,1,1,1,1,0,0,0,0,2,1,1,1,0.023809523809523808,0.011904761904761904,0.011904761904761904,0.011904761904761904,8,83,65,29,22,2,84832.0
94,1,1,1,1,0,0,0,0,3,1,2,1,0.031914893617021274,0.010638297872340425,0.02127659574468085,0.010638297872340425,31,65,67,54,18,3,495832.0
22,1,1,1,1,0,0,0,0,2,1,2,1,0.09090909090909091,0.045454545454545456,0.09090909090909091,0.045454545454545456,4,21,3,14,17,3,20385.0
8,1,1,1,1,0,0,0,0,1,1,1,1,0.125,0.125,0.125,0.125,1,7,6,1,17,0,254688.0
8,1,1,1,1,0,0,0,0,1,1,1,1,0.125,0.125,0.125,0.125,2,5,6,6,16,3,297329.0
27,1,1,1,1,0,0,0,0,2,1,2,1,0.07407407407407407,0.037037037037037035,0.07407407407407407,0.037037037037037035,10,26,14,24,14,0,16072.0
17,1,1,1,1,0,0,0,0,3,1,1,1,0.17647058823529413,0.058823529411764705,0.058823529411764705,0.058823529411764705,3,15,17,2,18,2,28702.0
92,1,1,1,1,0,0,0,0,1,1,1,1,0.010869565217391304,0.010869565217391304,0.010869565217391304,0.010869565217391304,28,30,7,11,21,5,566644.0
55,1,1,1,1,0,0,0,0,2,2,2,1,0.03636363636363636,0.03636363636363636,0.03636363636363636,0.01818181818181818,8,27,4,11,18,6,61614.0
14,1,1,1,1,0,0,0,0,1,2,1,1,0.07142857142857142,0.14285714285714285,0.07142857142857142,0.07142857142857142,1,14,7,12,18,0,484667.0
57,1,1,1,1,0,0,0,0,2,1,2,2,0.03508771929824561,0.017543859649122806,0.03508771929824561,0.03508771929824561,12,6,49,51,15,4,134938.0
11,1,1,1,1,0,0,0,0,3,1,1,2,0.2727272727272727,0.09090909090909091,0.09090909090909091,0.18181818181818182,1,1,3,5,12,1,212535.0
36,1,1,1,1,0,0,0,0,2,2,2,2,0.05555555555555555,0.05555555555555555,0.05555555555555555,0.05555555555555555,6,33,19,7,12,5,497019.0
40,1,1,1,1,0,0,0,0,1,1,1,2,0.025,0.025,0.025,0.05,11,19,27,34,19,0,356629.0
88,1,1,1,1,0,0,0,0,3,1,1,2,0.03409090909090909,0.011363636363636364,0.011363636363636364,0.022727272727272728,2,47,11,79,7,0,198985.0
24,1,1,1,1,0,0,0,0,2,1,1,2,0.08333333333333333,0.041666666666666664,0.041666666666666664,0.08333333333333333,7,23,12,14,17,1,403398.0
86,1,1,1,1,0,0,0,0,1,1,1,1,0.011627906976744186,0.011627906976744186,0.011627906976744186,0.011627906976744186,26,75,52,11,12,4,199816.0
60,1,1,1,1,0,0,0,0,3,1,2,1,0.05,0.016666666666666666,0.03333333333333333,0.016666666666666666,5,23,27,1,21,3,22015.0
87,1,1,1,1,0,0,0,0,3,1,1,1,0.034482758620689655,0.011494252873563218,0.011494252873563218,0.011494252873563218,22,64,37,54,7,4,553637.0
54,1,1,1,1,0,0,0,0,2,1,2,1,0.037037037037037035,0.018518518518518517,0.037037037037037035,0.018518518518518517,8,8,47,27,21,4,336798.0
54,1,1,1,1,0,0,0,0,1,2,2,2,0.018518518518518517,0.037037037037037035,0.037037037037037035,0.037037037037037035,15,51,52,29,14,0,162440.0
88,1,1,1,1,0,0,0,0,1,1,2,1,0.011363636363636364,0.011363636363636364,0.022727272727272728,0.011363636363636364,43,58,3,22,18,6,560611.0
85,1,1,1,1,0,0,0,0,1,2,1,1,0.011764705882352941,0.023529411764705882,0.011764705882352941,0.011764705882352941,30,41,56,73,8,3,504668.0
46,1,1,1,1,0,0,0,0,2,1,2,1,0.043478260869565216,0.021739130434782608,0.043478260869565216,0.021739130434782608,21,38,38,19,15,2,152279.0
88,1,1,1,1,0,0,0,0,2,2,1,2,0.022727272727272728,0.022727272727272728,0.011363636363636364,0.022727272727272728,29,88,12,48,15,3,32946.0
49,1,1,1,1,0,0,0,0,1,2,1,1,0.02040816326530612,0.04081632653061224,0.02040816326530612,0.02040816326530612,15,4,39,36,7,0,514260.0
31,1,1,1,1,0,0,0,0,3,1,1,1,0.0967741935483871,0.03225806451612903,0.03225806451612903,0.03225806451612903,10,4,13,11,9,2,319763.0
69,1,1,1,1,0,0,0,0,1,2,2,2,0.014492753623188406,0.028985507246376812,0.028985507246376812,0.028985507246376812,32,30,57,51,16,1,337262.0
90,1,1,1,1,0,0,0,0,3,1,1,2,0.03333333333333333,0.011111111111111112,0.011111111111111112,0.022222222222222223,4,14,51,90,12,3,194991.0
46,1,1,1,1,0,0,0,0,1,2,2,1,0.021739130434782608,0.043478260869565216,0.043478260869565216,0.021739130434782608,7,36,9,3,7,6,220404.0
14,1,1,1,1,0,0,0,0,3,1,1,1,0.21428571428571427,0.07142857142857142,0.07142857142857142,0.07142857142857142,5,10,11,4,12,6,496939.0
8,1,1,1,1,0,0,0,0,3,2,2,2,0.375,0.25,0.25,0.25,1,1,1,2,22,4,473138.0
33,1,1,1,1,0,0,0,0,3,1,2,1,0.09090909090909091,0.030303030303030304,0.06060606060606061,0.030303030303030304,1,3,27,9,14,3,477537.0
38,1,1,1,1,0,0,0,0,1,1,1,2,0.02631578947368421,0.02631578947368421,0.02631578947368421,0.05263157894736842,15,4,31,3,16,2,182241.0
50,1,1,1,1,0,0,0,0,1,2,2,2,0.02,0.04,0.04,0.04,11,26,23,40,15,3,247702.0
40,1,1,1,1,0,0,0,0,2,2,1,2,0.05,0.05,0.025,0.05,17,18,37,7,21,2,341312.0
31,1,1,1,1,0,0,0,0,2,1,2,1,0.06451612903225806,0.03225806451612903,0.06451612903225806,0.03225806451612903,13,29,18,17,18,1,453451.0
25,1,1,1,1,0,0,0,0,3,1,2,2,0.12,0.04,0.08,0.08,3,16,13,8,16,6,1558.0
95,1,1,1,1,0,0,0,0,3,2,2,1,0.031578947368421054,0.021052631578947368,0.021052631578947368,0.010526315789473684,7,55,78,22,18,5,458634.0
37,1,1,1,1,0,0,0,0,2,1,2,2,0.05405405405405406,0.02702702702702703,0.05405405405405406,0.05405405405405406,8,36,22,15,7,4,390040.0
96,1,1,1,1,0,0,0,0,3,1,2,2,0.03125,0.010416666666666666,0.020833333333333332,0.020833333333333332,24,42,78,59,17,3,168222.0
54,1,1,1,1,0,0,0,0,3,2,2,1,0.05555555555555555,0.037037037037037035,0.037037037037037035,0.018518518518518517,27,14,53,25,21,6,456863.0
92,1,1,1,1,0,0,0,0,2,2,1,1,0.021739130434782608,0.021739130434782608,0.010869565217391304,0.010869565217391304,25,75,71,49,15,4,525118.0
84,1,1,1,1,0,0,0,0,1,2,1,2,0.011904761904761904,0.023809523809523808,0.011904761904761904,0.023809523809523808,22,84,37,58,8,6,92904.0
40,1,1,1,1,0,0,0,0,3,2,1,1,0.075,0.05,0.025,0.025,1,40,1,2,14,0,99466.0
64,1,1,1,1,0,0,0,0,3,1,2,2,0.046875,0.015625,0.03125,0.03125,8,46,38,52,9,1,183648.0
37,1,1,1,1,0,0,0,0,3,2,2,2,0.08108108108108109,0.05405405405405406,0.05405405405405406,0.05405405405405406,16,17,9,6,12,4,284863.0
45,1,1,1,1,0,0,0,0,2,2,2,1,0.044444444444444446,0.044444444444444446,0.044444444444444446,0.022222222222222223,3,11,39,21,20,4,334601.0
31,1,1,1,1,0,0,0,0,2,1,2,1,0.06451612903225806,0.03225806451612903,0.06451612903225806,0.03225806451612903,5,2,25,30,14,3,559953.0
53,1,1,1,1,0,0,0,0,2,1,2,2,0.03773584905660377,0.018867924528301886,0.03773584905660377,0.03773584905660377,19,33,27,5,21,6,111601.0
32,1,1,1,1,0,0,0,0,3,1,2,2,0.09375,0.03125,0.0625,0.0625,14,1,16,19,20,1,185578.0
22,1,1,1,1,0,0,0,0,3,2,1,1,0.13636363636363635,0.09090909090909091,0.045454545454545456,0.045454545454545456,4,20,10,7,12,4,234104.0
18,1,1,1,1,0,0,0,0,3,1,1,2,0.16666666666666666,0.05555555555555555,0.05555555555555555,0.1111111111111111,7,3,2,1,19,4,479028.0
64,1,1,1,1,0,0,0,0,2,2,2,1,0.03125,0.03125,0.03125,0.015625,30,58,52,64,13,0,292883.0
75,1,1,1,1,0,0,0,0,3,1,1,1,0.04,0.013333333333333334,0.013333333333333334,0.013333333333333334,30,5,25,18,19,3,52551.0
29,1,1,1,1,0,0,0,0,1,1,2,2,0.034482758620689655,0.034482758620689655,0.06896551724137931,0.06896551724137931,13,22,26,10,22,1,265127.0
69,1,1,1,1,0,0,0,0,1,1,1,1,0.014492753623188406,0.014492753623188406,0.014492753623188406,0.014492753623188406,18,69,16,31,21,5,2480.0
52,1,1,1,1,0,0,0,0,1,1,1,2,0.019230769230769232,0.019230769230769232,0.019230769230769232,0.038461538461538464,6,14,12,19,17,2,198119.0
54,1,1,1,1,0,0,0,0,2,1,2,2,0.037037037037037035,0.018518518518518517,0.037037037037037035,0.037037037037037035,17,32,38,24,12,2,96660.0
84,1,1,1,1,0,0,0,0,1,1,2,2,0.011904761904761904,0.011904761904761904,0.023809523809523808,0.023809523809523808,27,21,24,62,14,1,505328.0
43,1,1,1,1,0,0,0,0,3,1,2,2,0.06976744186046512,0.023255813953488372,0.046511627906976744,0.046511627906976744,19,9,29,40,17,1,114820.0
24,1,1,1,1,0,0,0,0,1,2,2,2,0.041666666666666664,0.08333333333333333,0.08333333333333333,0.08333333333333333,8,19,10,12,16,2,37440.0
58,1,1,1,1,0,0,0,0,3,1,1,1,0.05172413793103448,0.017241379310344827,0.017241379310344827,0.017241379310344827,24,30,31,38,11,4,18329.0
15,1,1,1,1,0,0,0,0,3,2,1,1,0.2,0.13333333333333333,0.06666666666666667,0.06666666666666667,1,11,12,5,12,1,235505.0
30,1,1,1,1,0,0,0,0,1,1,2,2,0.03333333333333333,0.03333333333333333,0.06666666666666667,0.06666666666666667,5,29,7,28,11,3,122912.0
77,1,1,1,1,0,0,0,0,1,2,1,2,0.012987012987012988,0.025974025974025976,0.012987012987012988,0.025974025974025976,7,69,33,52,21,3,34706.0
25,1,1,1,1,0,0,0,0,1,2,2,1,0.04,0.08,0.08,0.04,11,7,17,10,10,1,253936.0
37,1,1,1,1,0,0,0,0,1,1,1,2,0.02702702702702703,0.02702702702702703,0.02702702702702703,0.05405405405405406,7,4,22,33,12,5,369450.0
75,1,1,1,1,0,0,0,0,1,1,1,2,0.013333333333333334,0.013333333333333334,0.013333333333333334,0.02666666666666667,30,59,66,28,12,6,345678.0
33,1,1,1,1,0,0,0,0,1,2,1,1,0.030303030303030304,0.06060606060606061,0.030303030303030304,0.030303030303030304,12,1,6,33,13,5,294595.0
13,1,1,1,1,0,0,0,0,1,2,1,2,0.07692307692307693,0.15384615384615385,0.07692307692307693,0.15384615384615385,3,5,13,8,16,2,230714.0
70,1,1,1,1,0,0,0,0,1,1,2,2,0.014285714285714285,0.014285714285714285,0.02857142857142857,0.02857142857142857,4,56,38,17,19,6,256219.0
31,1,1,1,1,0,0,0,0,1,2,1,1,0.03225806451612903,0.06451612903225806,0.03225806451612903,0.03225806451612903,1,2,14,24,21,0,147654.0
45,1,1,1,1,0,0,0,0,2,2,2,2,0.044444444444444446,0.044444444444444446,0.044444444444444446,0.044444444444444446,2,4,7,30,12,1,405292.0
82,1,1,1,1,0,0,0,0,2,2,2,2,0.024390243902439025,0.024390243902439025,0.024390243902439025,0.024390243902439025,36,16,63,79,22,4,456252.0
89,1,1,1,1,0,0,0,0,3,2,2,1,0.033707865168539325,0.02247191011235955,0.02247191011235955,0.011235955056179775,33,37,72,73,21,4,287436.0
20,1,1,1,1,0,0,0,0,2,2,2,2,0.1,0.1,0.1,0.1,9,3,9,15,20,5,483461.0
86,1,1,1,1,0,0,0,0,3,2,1,2,0.03488372093023256,0.023255813953488372,0.011627906976744186,0.023255813953488372,31,9,66,47,21,1,548500.0
47,1,1,1,1,0,0,0,0,2,2,2,2,0.0425531914893617,0.0425531914893617,0.0425531914893617,0.0425531914893617,4,35,46,11,11,3,438336.0
96,1,1,1,1,0,0,0,0,3,2,1,2,0.03125,0.020833333333333332,0.010416666666666666,0.020833333333333332,11,45,19,3,20,5,308934.0
6,1,1,1,1,0,0,0,0,1,1,2,1,0.16666666666666666,0.16666666666666666,0.3333333333333333,0.16666666666666666,1,6,6,5,11,4,121171.0
86,1,1,1,1,0,0,0,0,1,2,2,2,0.011627906976744186,0.023255813953488372,0.023255813953488372,0.023255813953488372,20,14,65,55,14,2,207979.0
50,1,1,1,1,0,0,0,0,1,1,1,1,0.02,0.02,0.02,0.02,24,12,9,8,22,3,197761.0
43,1,1,1,1,0,0,0,0,1,1,1,2,0.023255813953488372,0.023255813953488372,0.023255813953488372,0.046511627906976744,2,19,34,36,15,1,203849.0
26,1,1,1,1,0,0,0,0,2,1,2,2,0.07692307692307693,0.038461538461538464,0.07692307692307693,0.07692307692307693,13,10,25,11,17,4,494626.0
49,1,1,1,1,0,0,0,0,3,1,1,1,0.061224489795918366,0.02040816326530612,0.02040816326530612,0.02040816326530612,17,31,4,40,19,0,581718.0
67,1,1,1,1,0,0,0,0,1,1,2,1,0.014925373134328358,0.014925373134328358,0.029850746268656716,0.014925373134328358,31,29,16,24,15,4,561172.0
23,1,1,1,1,0,0,0,0,3,2,1,2,0.13043478260869565,0.08695652173913043,0.043478260869565216,0.08695652173913043,4,15,17,1,10,4,196461.0
5,1,1,1,1,0,0,0,0,1,2,1,1,0.2,0.4,0.2,0.2,2,1,4,3,17,3,470765.0
66,1,1,1,1,0,0,0,0,2,1,1,1,0.030303030303030304,0.015151515151515152,0.015151515151515152,0.015151515151515152,1,19,14,6,11,3,107828.0
30,1,1,1,1,0,0,0,0,1,1,1,1,0.03333333333333333,0.03333333333333333,0.03333333333333333,0.03333333333333333,10,24,19,19,21,1,482744.0
94,1,1,1,1,0,0,0,0,2,2,1,2,0.02127659574468085,0.02127659574468085,0.010638297872340425,0.02127659574468085,27,21,6,68,13,2,236065.0
99,1,1,1,1,0,0,0,0,2,1,1,1,0.020202020202020204,0.010101010101010102,0.010101010101010102,0.010101010101010102,34,80,84,63,19,2,379686.0
15,1,1,1,1,0,0,0,0,2,2,1,2,0.13333333333333333,0.13333333333333333,0.06666666666666667,0.13333333333333333,6,6,9,5,11,0,198319.0
81,1,1,1,1,0,0,0,0,3,2,2,2,0.037037037037037035,0.024691358024691357,0.024691358024691357,0.024691358024691357,20,35,51,64,13,3,284398.0
32,1,1,1,1,0,0,0,0,1,1,1,2,0.03125,0.03125,0.03125,0.0625,11,32,2,25,19,3,171189.0
38,1,1,1,1,0,0,0,0,3,2,2,2,0.07894736842105263,0.05263157894736842,0.05263157894736842,0.05263157894736842,13,3,24,2,22,6,307476.0
40,1,1,1,1,0,0,0,0,3,2,2,2,0.075,0.05,0.05,0.05,5,3,12,22,13,3,167995.0
94,1,1,1,1,0,0,0,0,2,2,1,1,0.02127659574468085,0.02127659574468085,0.010638297872340425,0.010638297872340425,29,25,21,36,19,1,264655.0
68,1,1,1,1,0,0,0,0,3,1,1,1,0.04411764705882353,0.014705882352941176,0.014705882352941176,0.014705882352941176,16,56,2,61,17,0,207915.0
25,1,1,1,1,0,0,0,0,3,2,1,1,0.12,0.08,0.04,0.04,7,1,7,5,16,4,282499.0
18,1,1,1,1,0,0,0,0,2,2,1,1,0.1111111111111111,0.1111111111111111,0.05555555555555555,0.05555555555555555,2,15,3,11,22,4,249400.0
24,1,1,1,1,0,0,0,0,1,1,2,1,0.041666666666666664,0.041666666666666664,0.08333333333333333,0.041666666666666664,1,20,11,9,18,3,553154.0
49,1,1,1,1,0,0,0,0,3,2,1,1,0.061224489795918366,0.04081632653061224,0.02040816326530612,0.02040816326530612,24,12,2,29,22,0,513721.0
83,1,1,1,1,0,0,0,0,3,1,1,2,0.03614457831325301,0.012048192771084338,0.012048192771084338,0.024096385542168676,6,70,56,41,15,4,316440.0
84,1,1,1,1,0,0,0,0,3,2,2,2,0.03571428571428571,0.023809523809523808,0.023809523809523808,0.023809523809523808,14,4,34,74,9,3,116359.0
45,1,1,1,1,0,0,0,0,1,2,2,2,0.022222222222222223,0.044444444444444446,0.044444444444444446,0.044444444444444446,16,11,24,5,12,3,404325.0
14,1,1,1,1,0,0,0,0,3,1,2,2,0.21428571428571427,0.07142857142857142,0.14285714285714285,0.14285714285714285,4,10,12,3,15,0,287027.0
82,1,1,1,1,0,0,0,0,3,1,1,2,0.036585365853658534,0.012195121951219513,0.012195121951219513,0.024390243902439025,17,15,26,34,15,6,329552.0
41,1,1,1,1,0,0,0,0,2,2,1,1,0.04878048780487805,0.04878048780487805,0.024390243902439025,0.024390243902439025,5,36,36,8,12,1,558200.0
11,1,1,1,1,0,0,0,0,1,1,2,1,0.09090909090909091,0.09090909090909091,0.18181818181818182,0.09090909090909091,3,9,10,2,9,0,550335.0
66,1,1,1,1,0,0,0,0,2,2,2,1,0.030303030303030304,0.030303030303030304,0.030303030303030304,0.015151515151515152,17,47,3,41,14,0,159439.0
47,1,1,1,1,0,0,0,0,2,1,2,1,0.0425531914893617,0.02127659574468085,0.0425531914893617,0.02127659574468085,12,38,5,17,8,6,112334.0
82,1,1,1,1,0,0,0,0,1,1,2,2,0.012195121951219513,0.012195121951219513,0.024390243902439025,0.024390243902439025,8,18,73,27,10,5,55170.0
87,1,1,1,1,0,0,0,0,3,2,1,1,0.034482758620689655,0.022988505747126436,0.011494252873563218,0.011494252873563218,19,30,84,55,22,5,432398.0
15,1,1,1,1,0,0,0,0,1,1,2,1,0.06666666666666667,0.06666666666666667,0.13333333333333333,0.06666666666666667,7,2,15,11,8,0,239517.0
37,1,1,1,1,0,0,0,0,1,2,1,1,0.02702702702702703,0.05405405405405406,0.02702702702702703,0.02702702702702703,13,37,11,35,12,2,54703.0
45,1,1,1,1,0,0,0,0,2,2,1,1,0.044444444444444446,0.044444444444444446,0.022222222222222223,0.022222222222222223,10,4,7,29,22,4,87736.0
99,1,1,1,1,0,0,0,0,2,2,1,2,0.020202020202020204,0.020202020202020204,0.010101010101010102,0.020202020202020204,4,62,21,91,7,4,84359.0
70,1,1,1,1,0,0,0,0,2,2,2,1,0.02857142857142857,0.02857142857142857,0.02857142857142857,0.014285714285714285,4,42,31,4,16,1,141705.0
5,1,1,1,1,0,0,0,0,2,1,1,1,0.4,0.2,0.2,0.2,1,1,3,1,22,3,602541.0
88,1,1,1,1,0,0,0,0,3,2,1,2,0.03409090909090909,0.022727272727272728,0.011363636363636364,0.022727272727272728,4,74,29,1,10,1,8602.0
68,1,1,1,1,0,0,0,0,1,2,1,2,0.014705882352941176,0.029411764705882353,0.014705882352941176,0.029411764705882353,12,9,13,44,18,1,216022.0
94,1,1,1,1,0,0,0,0,3,1,1,1,0.031914893617021274,0.010638297872340425,0.010638297872340425,0.010638297872340425,26,54,18,7,14,5,92262.0
43,1,1,1,1,0,0,0,0,1,1,2,1,0.023255813953488372,0.023255813953488372,0.046511627906976744,0.023255813953488372,6,43,8,9,21,3,26065.0
45,1,1,1,1,0,0,0,0,2,1,2,2,0.044444444444444446,0.022222222222222223,0.044444444444444446,0.044444444444444446,6,37,21,44,8,2,436240.0
90,1,1,1,1,0,0,0,0,1,2,1,1,0.011111111111111112,0.022222222222222223,0.011111111111111112,0.011111111111111112,15,39,82,66,19,1,572683.0
46,1,1,1,1,0,0,0,0,2,2,2,2,0.043478260869565216,0.043478260869565216,0.043478260869565216,0.043478260869565216,12,30,42,18,15,1,214779.0
78,1,1,1,1,0,0,0,0,2,1,2,2,0.02564102564102564,0.01282051282051282,0.02564102564102564,0.02564102564102564,5,5,31,52,12,5,512174.0
55,1,1,1,1,0,0,0,0,2,1,2,2,0.03636363636363636,0.01818181818181818,0.03636363636363636,0.03636363636363636,12,29,42,39,9,4,559232.0
76,1,1,1,1,0,0,0,0,2,2,1,2,0.02631578947368421,0.02631578947368421,0.013157894736842105,0.02631578947368421,10,26,21,26,12,0,433972.0
46,1,1,1,1,0,0,0,0,3,1,2,1,0.06521739130434782,0.021739130434782608,0.043478260869565216,0.021739130434782608,13,23,21,31,20,2,513881.0
22,1,1,1,1,0,0,0,0,1,1,2,1,0.045454545454545456,0.045454545454545456,0.09090909090909091,0.045454545454545456,5,10,18,11,22,5,425590.0
76,1,1,1,1,0,0,0,0,1,1,2,1,0.013157894736842105,0.013157894736842105,0.02631578947368421,0.013157894736842105,5,11,60,50,11,5,420484.0
82,1,1,1,1,0,0,0,0,3,2,1,2,0.036585365853658534,0.024390243902439025,0.012195121951219513,0.024390243902439025,17,34,54,50,13,6,105780.0
14,1,1,1,1,0,0,0,0,1,2,1,1,0.07142857142857142,0.14285714285714285,0.07142857142857142,0.07142857142857142,5,7,9,1,9,6,272612.0
20,1,1,1,1,0,0,0,0,2,1,1,1,0.1,0.05,0.05,0.05,8,3,7,10,15,6,558370.0
33,1,1,1,1,0,0,0,0,2,1,2,1,0.06060606060606061,0.030303030303030304,0.06060606060606061,0.030303030303030304,2,23,6,16,8,5,462572.0
59,1,1,1,1,0,0,0,0,3,1,1,1,0.05084745762711865,0.01694915254237288,0.01694915254237288,0.01694915254237288,7,12,20,13,16,1,376085.0
36,1,1,1,1,0,0,0,0,3,2,2,1,0.08333333333333333,0.05555555555555555,0.05555555555555555,0.027777777777777776,6,22,24,16,15,3,185012.0
34,1,1,1,1,0,0,0,0,3,2,1,2,0.08823529411764706,0.058823529411764705,0.029411764705882353,0.058823529411764705,13,2,25,21,21,3,313666.0
34,1,1,1,1,0,0,0,0,1,2,2,2,0.029411764705882353,0.058823529411764705,0.058823529411764705,0.058823529411764705,14,21,18,12,19,2,162055.0
87,1,1,1,1,0,0,0,0,2,1,2,2,0.022988505747126436,0.011494252873563218,0.022988505747126436,0.022988505747126436,14,46,43,62,22,3,482770.0
61,1,1,1,1,0,0,0,0,3,1,1,1,0.04918032786885246,0.01639344262295082,0.01639344262295082,0.01639344262295082,30,38,10,3,15,5,289895.0
58,1,1,1,1,0,0,0,0,3,2,2,2,0.05172413793103448,0.034482758620689655,0.034482758620689655,0.034482758620689655,22,46,37,3,13,0,308674.0
18,1,1,1,1,0,0,0,0,2,1,1,1,0.1111111111111111,0.05555555555555555,0.05555555555555555,0.05555555555555555,5,2,16,14,18,1,481256.0
65,1,1,1,1,0,0,0,0,2,1,2,2,0.03076923076923077,0.015384615384615385,0.03076923076923077,0.03076923076923077,2,4,25,34,14,2,154395.0
10,1,1,1,1,0,0,0,0,1,1,2,2,0.1,0.1,0.2,0.2,3,1,5,10,10,3,325307.0
36,1,1,1,1,0,0,0,0,2,1,1,2,0.05555555555555555,0.027777777777777776,0.027777777777777776,0.05555555555555555,11,2,1,15,21,0,43049.0
69,1,1,1,1,0,0,0,0,2,1,1,2,0.028985507246376812,0.014492753623188406,0.014492753623188406,0.028985507246376812,18,45,20,37,20,2,239754.0
20,1,1,1,1,0,0,0,0,2,1,1,2,0.1,0.05,0.05,0.1,1,20,9,8,15,4,277966.0
89,1,1,1,1,0,0,0,0,3,1,2,1,0.033707865168539325,0.011235955056179775,0.02247191011235955,0.011235955056179775,44,23,27,64,19,0,336028.0
37,1,1,1,1,0,0,0,0,2,2,2,2,0.05405405405405406,0.05405405405405406,0.05405405405405406,0.05405405405405406,12,26,34,7,18,5,77095.0
88,1,1,1,1,0,0,0,0,3,1,1,1,0.03409090909090909,0.011363636363636364,0.011363636363636364,0.011363636363636364,41,86,72,58,8,6,81044.0
20,1,1,1,1,0,0,0,0,1,2,1,1,0.05,0.1,0.05,0.05,1,9,15,20,15,4,505553.0
90,1,1,1,1,0,0,0,0,1,2,2,2,0.011111111111111112,0.022222222222222223,0.022222222222222223,0.022222222222222223,6,9,80,61,9,6,61962.0
69,1,1,1,1,0,0,0,0,1,1,2,2,0.014492753623188406,0.014492753623188406,0.028985507246376812,0.028985507246376812,4,7,43,2,18,6,454268.0
26,1,1,1,1,0,0,0,0,1,2,1,2,0.038461538461538464,0.07692307692307693,0.038461538461538464,0.07692307692307693,6,20,6,20,18,1,215766.0
11,1,1,1,1,0,0,0,0,2,1,1,2,0.18181818181818182,0.09090909090909091,0.09090909090909091,0.18181818181818182,3,1,3,1,17,2,43098.0
23,1,1,1,1,0,0,0,0,3,1,2,1,0.13043478260869565,0.043478260869565216,0.08695652173913043,0.043478260869565216,2,8,1,18,12,3,92472.0
83,1,1,1,1,0,0,0,0,1,2,2,2,0.012048192771084338,0.024096385542168676,0.024096385542168676,0.024096385542168676,25,74,15,80,15,2,154740.0
75,1,1,1,1,0,0,0,0,3,2,1,1,0.04,0.02666666666666667,0.013333333333333334,0.013333333333333334,28,30,58,54,8,3,103996.0
51,1,1,1,1,0,0,0,0,2,2,2,1,0.0392156862745098,0.0392156862745098,0.0392156862745098,0.0196078431372549,14,32,34,33,19,6,500858.0
17,1,1,1,1,0,0,0,0,2,1,2,2,0.11764705882352941,0.058823529411764705,0.11764705882352941,0.11764705882352941,6,8,5,8,20,2,12630.0
97,1,1,1,1,0,0,0,0,1,2,2,1,0.010309278350515464,0.020618556701030927,0.020618556701030927,0.010309278350515464,17,28,15,15,9,3,321029.0
6,1,1,1,1,0,0,0,0,3,2,1,2,0.5,0.3333333333333333,0.16666666666666666,0.3333333333333333,1,4,3,4,22,6,168788.0
60,1,1,1,1,0,0,0,0,3,2,2,1,0.05,0.03333333333333333,0.03333333333333333,0.016666666666666666,9,31,50,56,17,4,309579.0
35,1,1,1,1,0,0,0,0,2,1,2,2,0.05714285714285714,0.02857142857142857,0.05714285714285714,0.05714285714285714,14,1,27,18,22,3,289435.0
17,1,1,1,1,0,0,0,0,3,2,2,1,0.17647058823529413,0.11764705882352941,0.11764705882352941,0.058823529411764705,2,15,1,9,13,6,518162.0
90,1,1,1,1,0,0,0,0,1,2,2,2,0.011111111111111112,0.022222222222222223,0.022222222222222223,0.022222222222222223,1,88,32,12,16,5,78529.0
8,1,1,1,1,0,0,0,0,3,2,1,2,0.375,0.25,0.125,0.25,4,8,2,5,22,6,365775.0
23,1,1,1,1,0,0,0,0,1,1,1,1,0.043478260869565216,0.043478260869565216,0.043478260869565216,0.043478260869565216,1,18,14,12,19,2,243747.0
24,1,1,1,1,0,0,0,0,2,1,2,2,0.08333333333333333,0.041666666666666664,0.08333333333333333,0.08333333333333333,7,8,17,20,14,1,431760.0
22,1,1,1,1,0,0,0,0,3,1,1,2,0.13636363636363635,0.045454545454545456,0.045454545454545456,0.09090909090909091,1,5,3,9,15,1,208246.0
78,1,1,1,1,0,0,0,0,3,1,2,1,0.038461538461538464,0.01282051282051282,0.02564102564102564,0.01282051282051282,21,69,63,19,11,5,495788.0
31,1,1,1,1,0,0,0,0,1,1,2,1,0.03225806451612903,0.03225806451612903,0.06451612903225806,0.03225806451612903,15,26,25,1,20,5,240114.0
61,1,1,1,1,0,0,0,0,3,2,2,1,0.04918032786885246,0.03278688524590164,0.03278688524590164,0.01639344262295082,19,42,4,50,10,6,333250.0
35,1,1,1,1,0,0,0,0,1,1,2,1,0.02857142857142857,0.02857142857142857,0.05714285714285714,0.02857142857142857,15,9,33,33,8,4,568346.0
35,1,1,1,1,0,0,0,0,1,2,1,1,0.02857142857142857,0.05714285714285714,0.02857142857142857,0.02857142857142857,15,24,3,10,7,6,15146.0
80,1,1,1,1,0,0,0,0,2,2,2,2,0.025,0.025,0.025,0.025,6,2,10,55,16,0,141747.0
56,1,1,1,1,0,0,0,0,3,1,2,2,0.05357142857142857,0.017857142857142856,0.03571428571428571,0.03571428571428571,22,26,50,41,15,3,503396.0
57,1,1,1,1,0,0,0,0,1,2,1,2,0.017543859649122806,0.03508771929824561,0.017543859649122806,0.03508771929824561,19,34,3,29,21,1,418270.0
86,1,1,1,1,0,0,0,0,3,2,1,2,0.03488372093023256,0.023255813953488372,0.011627906976744186,0.023255813953488372,21,54,64,62,10,5,327737.0
93,1,1,1,1,0,0,0,0,2,2,2,2,0.021505376344086023,0.021505376344086023,0.021505376344086023,0.021505376344086023,35,56,11,36,14,5,356113.0
46,1,1,1,1,0,0,0,0,1,2,1,1,0.021739130434782608,0.043478260869565216,0.021739130434782608,0.021739130434782608,7,41,6,19,15,0,100224.0
94,1,1,1,1,0,0,0,0,2,1,1,1,0.02127659574468085,0.010638297872340425,0.010638297872340425,0.010638297872340425,35,69,19,69,21,1,15909.0
96,1,1,1,1,0,0,0,0,2,2,1,1,0.020833333333333332,0.020833333333333332,0.010416666666666666,0.010416666666666666,11,21,46,11,20,3,553564.0
52,1,1,1,1,0,0,0,0,1,2,1,2,0.019230769230769232,0.038461538461538464,0.019230769230769232,0.038461538461538464,19,8,31,28,10,0,459841.0
30,1,1,1,1,0,0,0,0,2,1,2,1,0.06666666666666667,0.03333333333333333,0.06666666666666667,0.03333333333333333,6,17,14,19,9,3,457555.0
36,1,1,1,1,0,0,0,0,1,2,2,2,0.027777777777777776,0.05555555555555555,0.05555555555555555,0.05555555555555555,15,29,27,19,7,4,165234.0
78,1,1,1,1,0,0,0,0,2,2,2,2,0.02564102564102564,0.02564102564102564,0.02564102564102564,0.02564102564102564,36,38,30,29,21,5,98892.0
51,1,1,1,1,0,0,0,0,2,2,1,2,0.0392156862745098,0.0392156862745098,0.0196078431372549,0.0392156862745098,19,12,8,33,11,6,468874.0
95,1,1,1,1,0,0,0,0,2,2,1,1,0.021052631578947368,0.021052631578947368,0.010526315789473684,0.010526315789473684,1,65,49,28,11,4,109101.0
53,1,1,1,1,0,0,0,0,2,1,1,1,0.03773584905660377,0.018867924528301886,0.018867924528301886,0.018867924528301886,16,14,21,29,9,3,83577.0
18,1,1,1,1,0,0,0,0,1,1,1,2,0.05555555555555555,0.05555555555555555,0.05555555555555555,0.1111111111111111,3,15,17,15,20,0,225025.0
75,1,1,1,1,0,0,0,0,2,1,2,2,0.02666666666666667,0.013333333333333334,0.02666666666666667,0.02666666666666667,31,29,18,24,11,2,182561.0
48,1,1,1,1,0,0,0,0,1,1,1,1,0.020833333333333332,0.020833333333333332,0.020833333333333332,0.020833333333333332,22,33,44,27,8,6,277066.0
70,1,1,1,1,0,0,0,0,2,1,1,1,0.02857142857142857,0.014285714285714285,0.014285714285714285,0.014285714285714285,20,52,2,10,20,3,588873.0
62,1,1,1,1,0,0,0,0,2,2,2,1,0.03225806451612903,0.03225806451612903,0.03225806451612903,0.016129032258064516,17,15,21,43,9,4,353266.0
34,1,1,1,1,0,0,0,0,1,2,2,2,0.029411764705882353,0.058823529411764705,0.058823529411764705,0.058823529411764705,8,23,15,13,12,1,586267.0
68,1,1,1,1,0,0,0,0,1,2,1,2,0.014705882352941176,0.029411764705882353,0.014705882352941176,0.029411764705882353,6,25,45,68,22,6,142461.0
13,1,1,1,1,0,0,0,0,3,2,1,1,0.23076923076923078,0.15384615384615385,0.07692307692307693,0.07692307692307693,4,1,1,13,14,0,395904.0
40,1,1,1,1,0,0,0,0,2,2,1,2,0.05,0.05,0.025,0.05,17,17,39,18,14,6,384625.0
87,1,1,1,1,0,0,0,0,3,2,1,1,0.034482758620689655,0.022988505747126436,0.011494252873563218,0.011494252873563218,38,54,25,29,19,1,67850.0
77,1,1,1,1,0,0,0,0,1,2,2,2,0.012987012987012988,0.025974025974025976,0.025974025974025976,0.025974025974025976,20,67,66,17,22,5,64894.0
5,1,1,1,1,0,0,0,0,1,1,1,2,0.2,0.2,0.2,0.4,1,1,3,2,20,0,466048.0
47,1,1,1,1,0,0,0,0,1,2,1,2,0.02127659574468085,0.0425531914893617,0.02127659574468085,0.0425531914893617,15,38,22,1,9,3,240428.0
80,1,1,1,1,0,0,0,0,2,2,1,1,0.025,0.025,0.0125,0.0125,31,10,26,61,16,5,311942.0
86,1,1,1,1,0,0,0,0,3,2,1,2,0.03488372093023256,0.023255813953488372,0.011627906976744186,0.023255813953488372,5,20,26,56,13,6,180600.0
63,1,1,1,1,0,0,0,0,3,2,1,2,0.047619047619047616,0.031746031746031744,0.015873015873015872,0.031746031746031744,3,35,27,61,19,6,514428.0
44,1,1,1,1,0,0,0,0,3,1,2,1,0.06818181818181818,0.022727272727272728,0.045454545454545456,0.022727272727272728,16,43,30,37,10,6,333125.0
69,1,1,1,1,0,0,0,0,3,2,1,2,0.043478260869565216,0.028985507246376812,0.014492753623188406,0.028985507246376812,23,60,34,35,15,0,54519.0
6,1,1,1,1,0,0,0,0,2,1,2,2,0.3333333333333333,0.16666666666666666,0.3333333333333333,0.3333333333333333,1,1,3,6,7,1,17979.0
44,1,1,1,1,0,0,0,0,3,2,1,1,0.06818181818181818,0.045454545454545456,0.022727272727272728,0.022727272727272728,8,24,13,32,22,1,152606.0
16,1,1,1,1,0,0,0,0,3,1,1,1,0.1875,0.0625,0.0625,0.0625,1,8,11,4,7,3,408712.0
37,1,1,1,1,0,0,0,0,1,1,2,2,0.02702702702702703,0.02702702702702703,0.05405405405405406,0.05405405405405406,14,20,27,15,7,2,425637.0
66,1,1,1,1,0,0,0,0,3,2,1,1,0.045454545454545456,0.030303030303030304,0.015151515151515152,0.015151515151515152,10,58,54,7,9,3,399541.0
98,1,1,1,1,0,0,0,0,3,1,1,2,0.030612244897959183,0.01020408163265306,0.01020408163265306,0.02040816326530612,28,91,57,50,11,0,530020.0
83,1,1,1,1,0,0,0,0,1,2,1,1,0.012048192771084338,0.024096385542168676,0.012048192771084338,0.012048192771084338,35,70,16,26,20,6,47876.0
84,1,1,1,1,0,0,0,0,2,2,1,2,0.023809523809523808,0.023809523809523808,0.011904761904761904,0.023809523809523808,29,56,67,80,20,5,593468.0
69,1,1,1,1,0,0,0,0,3,2,2,1,0.043478260869565216,0.028985507246376812,0.028985507246376812,0.014492753623188406,18,30,63,6,17,1,534378.0
85,1,1,1,1,0,0,0,0,1,2,1,2,0.011764705882352941,0.023529411764705882,0.011764705882352941,0.023529411764705882,31,3,18,35,10,0,591521.0
87,1,1,1,1,0,0,0,0,2,1,1,2,0.022988505747126436,0.011494252873563218,0.011494252873563218,0.022988505747126436,15,2,35,40,16,2,558243.0
66,1,1,1,1,0,0,0,0,3,1,2,1,0.045454545454545456,0.015151515151515152,0.030303030303030304,0.015151515151515152,24,50,22,62,20,6,131771.0
73,1,1,1,1,0,0,0,0,1,1,2,1,0.0136986301369863,0.0136986301369863,0.0273972602739726,0.0136986301369863,32,32,23,6,17,5,282484.0
81,1,1,1,1,0,0,0,0,1,2,1,2,0.012345679012345678,0.024691358024691357,0.012345679012345678,0.024691358024691357,6,39,45,46,14,4,309799.0
31,1,1,1,1,0,0,0,0,1,2,2,2,0.03225806451612903,0.06451612903225806,0.06451612903225806,0.06451612903225806,10,29,28,16,8,4,376722.0
31,1,1,1,1,0,0,0,0,3,2,1,1,0.0967741935483871,0.06451612903225806,0.03225806451612903,0.03225806451612903,3,6,9,12,11,1,270499.0
64,1,1,1,1,0,0,0,0,1,2,1,2,0.015625,0.03125,0.015625,0.03125,21,62,4,55,12,0,417180.0
21,1,1,1,1,0,0,0,0,1,2,1,2,0.047619047619047616,0.09523809523809523,0.047619047619047616,0.09523809523809523,3,3,1,1,14,3,23619.0
38,1,1,1,1,0,0,0,0,1,2,2,2,0.02631578947368421,0.05263157894736842,0.05263157894736842,0.05263157894736842,18,8,9,29,11,5,280480.0
24,1,1,1,1,0,0,0,0,3,2,2,1,0.125,0.08333333333333333,0.08333333333333333,0.041666666666666664,2,17,3,16,13,5,526241.0
43,1,1,1,1,0,0,0,0,3,1,1,2,0.06976744186046512,0.023255813953488372,0.023255813953488372,0.046511627906976744,13,20,7,13,17,5,554263.0
43,1,1,1,1,0,0,0,0,2,1,1,1,0.046511627906976744,0.023255813953488372,0.023255813953488372,0.023255813953488372,13,5,18,28,19,6,205879.0
42,1,1,1,1,0,0,0,0,3,2,1,2,0.07142857142857142,0.047619047619047616,0.023809523809523808,0.047619047619047616,4,19,13,42,7,5,170140.0
8,1,1,1,1,0,0,0,0,2,2,1,1,0.25,0.25,0.125,0.125,1,4,2,6,8,5,528987.0
73,1,1,1,1,0,0,0,0,3,2,1,1,0.0410958904109589,0.0273972602739726,0.0136986301369863,0.0136986301369863,28,25,54,57,22,2,210431.0
7,1,1,1,1,0,0,0,0,1,1,1,1,0.14285714285714285,0.14285714285714285,0.14285714285714285,0.14285714285714285,3,6,6,1,14,5,147956.0
45,1,1,1,1,0,0,0,0,3,2,2,1,0.06666666666666667,0.044444444444444446,0.044444444444444446,0.022222222222222223,9,18,31,19,13,1,289424.0
27,1,1,1,1,0,0,0,0,2,2,2,1,0.07407407407407407,0.07407407407407407,0.07407407407407407,0.037037037037037035,13,27,12,21,12,6,225985.0
29,1,1,1,1,0,0,0,0,1,2,1,2,0.034482758620689655,0.06896551724137931,0.034482758620689655,0.06896551724137931,2,15,13,13,9,0,209546.0
49,1,1,1,1,0,0,0,0,3,1,1,1,0.061224489795918366,0.02040816326530612,0.02040816326530612,0.02040816326530612,15,22,45,22,16,0,117254.0
85,1,1,1,1,0,0,0,0,2,1,2,1,0.023529411764705882,0.011764705882352941,0.023529411764705882,0.011764705882352941,22,30,13,36,14,1,328474.0
75,1,1,1,1,0,0,0,0,1,2,2,2,0.013333333333333334,0.02666666666666667,0.02666666666666667,0.02666666666666667,3,58,26,54,19,1,156859.0
10,1,1,1,1,0,0,0,0,2,2,1,1,0.2,0.2,0.1,0.1,2,5,10,2,12,4,143187.0
89,1,1,1,1,0,0,0,0,3,1,2,2,0.033707865168539325,0.011235955056179775,0.02247191011235955,0.02247191011235955,30,17,5,31,9,2,386089.0
60,1,1,1,1,0,0,0,0,1,1,1,1,0.016666666666666666,0.016666666666666666,0.016666666666666666,0.016666666666666666,24,22,18,34,8,1,22091.0
54,1,1,1,1,0,0,0,0,2,2,2,1,0.037037037037037035,0.037037037037037035,0.037037037037037035,0.018518518518518517,24,50,6,50,10,1,320451.0
7,1,1,1,1,0,0,0,0,2,1,1,2,0.2857142857142857,0.14285714285714285,0.14285714285714285,0.2857142857142857,3,2,4,4,13,4,598413.0
43,1,1,1,1,0,0,0,0,1,2,2,1,0.023255813953488372,0.046511627906976744,0.046511627906976744,0.023255813953488372,11,38,22,21,21,5,306859.0
20,1,1,1,1,0,0,0,0,2,2,1,2,0.1,0.1,0.05,0.1,7,2,12,15,10,3,429070.0
9,1,1,1,1,0,0,0,0,2,1,1,2,0.2222222222222222,0.1111111111111111,0.1111111111111111,0.2222222222222222,1,1,5,9,7,5,45414.0
51,1,1,1,1,0,0,0,0,2,1,1,2,0.0392156862745098,0.0196078431372549,0.0196078431372549,0.0392156862745098,7,40,34,29,11,4,603378.0
92,1,1,1,1,0,0,0,0,3,1,2,1,0.03260869565217391,0.010869565217391304,0.021739130434782608,0.010869565217391304,45,88,80,15,12,4,453370.0
38,1,1,1,1,0,0,0,0,1,1,2,1,0.02631578947368421,0.02631578947368421,0.05263157894736842,0.02631578947368421,10,31,1,29,11,6,577817.0
52,1,1,1,1,0,0,0,0,1,1,1,2,0.019230769230769232,0.019230769230769232,0.019230769230769232,0.038461538461538464,5,24,25,36,20,3,458453.0
58,1,1,1,1,0,0,0,0,2,1,1,1,0.034482758620689655,0.017241379310344827,0.017241379310344827,0.017241379310344827,2,19,27,28,20,6,441327.0
12,1,1,1,1,0,0,0,0,2,2,2,1,0.16666666666666666,0.16666666666666666,0.16666666666666666,0.08333333333333333,3,5,7,3,15,1,411867.0
87,1,1,1,1,0,0,0,0,2,1,2,2,0.022988505747126436,0.011494252873563218,0.022988505747126436,0.022988505747126436,19,3,2,20,10,5,302796.0
99,1,1,1,1,0,0,0,0,2,2,2,1,0.020202020202020204,0.020202020202020204,0.020202020202020204,0.010101010101010102,36,45,28,47,17,2,425816.0
98,1,1,1,1,0,0,0,0,2,1,1,2,0.02040816326530612,0.01020408163265306,0.01020408163265306,0.02040816326530612,9,96,41,83,19,5,549752.0
22,1,1,1,1,0,0,0,0,2,1,1,1,0.09090909090909091,0.045454545454545456,0.045454545454545456,0.045454545454545456,8,14,17,4,12,4,499906.0
89,1,1,1,1,0,0,0,0,1,1,1,2,0.011235955056179775,0.011235955056179775,0.011235955056179775,0.02247191011235955,6,74,14,2,21,3,257063.0
66,1,1,1,1,0,0,0,0,1,2,1,1,0.015151515151515152,0.030303030303030304,0.015151515151515152,0.015151515151515152,14,1,20,40,9,0,396718.0
45,1,1,1,1,0,0,0,0,1,2,2,1,0.022222222222222223,0.044444444444444446,0.044444444444444446,0.022222222222222223,5,17,33,4,19,2,75849.0
87,1,1,1,1,0,0,0,0,1,1,2,2,0.011494252873563218,0.011494252873563218,0.022988505747126436,0.022988505747126436,20,60,55,54,7,3,168607.0
81,1,1,1,1,0,0,0,0,2,1,2,1,0.024691358024691357,0.012345679012345678,0.024691358024691357,0.012345679012345678,11,76,63,70,17,6,69768.0
61,1,1,1,1,0,0,0,0,1,1,1,1,0.01639344262295082,0.01639344262295082,0.01639344262295082,0.01639344262295082,14,57,39,22,13,3,147941.0
54,1,1,1,1,0,0,0,0,3,1,2,2,0.05555555555555555,0.018518518518518517,0.037037037037037035,0.037037037037037035,15,16,30,43,10,4,411543.0
35,1,1,1,1,0,0,0,0,2,2,1,2,0.05714285714285714,0.05714285714285714,0.02857142857142857,0.05714285714285714,3,33,21,27,16,2,205853.0
71,1,1,1,1,0,0,0,0,3,1,2,2,0.04225352112676056,0.014084507042253521,0.028169014084507043,0.028169014084507043,4,8,50,60,13,4,604627.0
35,1,1,1,1,0,0,0,0,1,2,1,1,0.02857142857142857,0.05714285714285714,0.02857142857142857,0.02857142857142857,8,19,10,24,18,1,290884.0
10,1,1,1,1,0,0,0,0,1,2,2,2,0.1,0.2,0.2,0.2,5,8,8,8,14,4,174523.0
89,1,1,1,1,0,0,0,0,1,2,2,1,0.011235955056179775,0.02247191011235955,0.02247191011235955,0.011235955056179775,32,89,51,31,21,3,73650.0
28,1,1,1,1,0,0,0,0,3,1,1,2,0.10714285714285714,0.03571428571428571,0.03571428571428571,0.07142857142857142,2,7,14,2,13,6,569225.0
87,1,1,1,1,0,0,0,0,1,1,2,1,0.011494252873563218,0.011494252873563218,0.022988505747126436,0.011494252873563218,33,11,59,52,21,0,246748.0
99,1,1,1,1,0,0,0,0,2,2,1,2,0.020202020202020204,0.020202020202020204,0.010101010101010102,0.020202020202020204,14,57,88,66,14,1,206490.0
85,1,1,1,1,0,0,0,0,1,2,1,1,0.011764705882352941,0.023529411764705882,0.011764705882352941,0.011764705882352941,31,31,25,45,19,6,380917.0
67,1,1,1,1,0,0,0,0,3,1,1,1,0.04477611940298507,0.014925373134328358,0.014925373134328358,0.014925373134328358,21,44,11,53,12,6,438109.0
98,1,1,1,1,0,0,0,0,2,2,1,1,0.02040816326530612,0.02040816326530612,0.01020408163265306,0.01020408163265306,43,38,6,25,16,4,595015.0
93,1,1,1,1,0,0,0,0,2,2,2,1,0.021505376344086023,0.021505376344086023,0.021505376344086023,0.010752688172043012,28,45,73,75,17,4,418015.0
60,1,1,1,1,0,0,0,0,1,1,2,2,0.016666666666666666,0.016666666666666666,0.03333333333333333,0.03333333333333333,8,53,59,38,10,6,143192.0
46,1,1,1,1,0,0,0,0,3,2,1,1,0.06521739130434782,0.043478260869565216,0.021739130434782608,0.021739130434782608,9,31,33,11,9,4,96257.0
11,1,1,1,1,0,0,0,0,2,2,1,1,0.18181818181818182,0.18181818181818182,0.09090909090909091,0.09090909090909091,2,4,1,1,12,0,192518.0
60,1,1,1,1,0,0,0,0,1,2,2,2,0.016666666666666666,0.03333333333333333,0.03333333333333333,0.03333333333333333,19,49,5,11,12,4,527880.0
92,1,1,1,1,0,0,0,0,2,1,1,1,0.021739130434782608,0.010869565217391304,0.010869565217391304,0.010869565217391304,22,48,20,71,19,2,552795.0
15,1,1,1,1,0,0,0,0,3,2,1,2,0.2,0.13333333333333333,0.06666666666666667,0.13333333333333333,3,12,3,4,11,1,201320.0
62,1,1,1,1,0,0,0,0,2,2,1,1,0.03225806451612903,0.03225806451612903,0.016129032258064516,0.016129032258064516,29,16,7,29,7,2,517079.0
30,1,1,1,1,0,0,0,0,3,1,1,2,0.1,0.03333333333333333,0.03333333333333333,0.06666666666666667,9,10,7,28,9,6,284982.0
99,1,1,1,1,0,0,0,0,2,2,2,1,0.020202020202020204,0.020202020202020204,0.020202020202020204,0.010101010101010102,11,52,66,26,19,4,100831.0
94,1,1,1,1,0,0,0,0,1,2,1,2,0.010638297872340425,0.02127659574468085,0.010638297872340425,0.02127659574468085,37,65,62,80,18,5,243673.0
24,1,1,1,1,0,0,0,0,1,2,2,1,0.041666666666666664,0.08333333333333333,0.08333333333333333,0.041666666666666664,3,24,18,19,10,0,176198.0
86,1,1,1,1,0,0,0,0,2,2,1,1,0.023255813953488372,0.023255813953488372,0.011627906976744186,0.011627906976744186,26,83,38,52,21,2,508001.0
55,1,1,1,1,0,0,0,0,3,1,2,1,0.05454545454545454,0.01818181818181818,0.03636363636363636,0.01818181818181818,18,18,34,44,13,3,194850.0
74,1,1,1,1,0,0,0,0,2,2,1,1,0.02702702702702703,0.02702702702702703,0.013513513513513514,0.013513513513513514,1,63,64,6,7,5,317424.0
34,1,1,1,1,0,0,0,0,2,1,1,1,0.058823529411764705,0.029411764705882353,0.029411764705882353,0.029411764705882353,16,27,7,20,21,6,461470.0
17,1,1,1,1,0,0,0,0,1,1,1,1,0.058823529411764705,0.058823529411764705,0.058823529411764705,0.058823529411764705,3,10,7,8,10,1,604129.0
61,1,1,1,1,0,0,0,0,1,2,2,2,0.01639344262295082,0.03278688524590164,0.03278688524590164,0.03278688524590164,5,40,60,50,10,6,255071.0
51,1,1,1,1,0,0,0,0,2,2,1,2,0.0392156862745098,0.0392156862745098,0.0196078431372549,0.0392156862745098,21,28,15,3,15,4,332445.0
98,1,1,1,1,0,0,0,0,2,2,1,2,0.02040816326530612,0.02040816326530612,0.01020408163265306,0.02040816326530612,9,72,16,89,11,3,87695.0
25,1,1,1,1,0,0,0,0,3,1,2,2,0.12,0.04,0.08,0.08,8,2,9,10,11,1,304351.0
40,1,1,1,1,0,0,0,0,1,1,1,1,0.025,0.025,0.025,0.025,10,38,21,24,22,4,135112.0
42,1,1,1,1,0,0,0,0,2,1,1,1,0.047619047619047616,0.023809523809523808,0.023809523809523808,0.023809523809523808,8,39,31,36,9,2,351626.0
46,1,1,1,1,0,0,0,0,2,1,1,2,0.043478260869565216,0.021739130434782608,0.021739130434782608,0.043478260869565216,22,4,20,24,19,6,251821.0
76,1,1,1,1,0,0,0,0,3,2,1,2,0.039473684210526314,0.02631578947368421,0.013157894736842105,0.02631578947368421,16,2,58,64,12,3,220401.0
16,1,1,1,1,0,0,0,0,3,1,2,1,0.1875,0.0625,0.125,0.0625,6,15,11,10,20,6,521240.0
26,1,1,1,1,0,0,0,0,2,2,1,2,0.07692307692307693,0.07692307692307693,0.038461538461538464,0.07692307692307693,1,23,16,20,20,1,272519.0
86,1,1,1,1,0,0,0,0,1,2,1,2,0.011627906976744186,0.023255813953488372,0.011627906976744186,0.023255813953488372,22,60,72,31,9,2,370251.0
76,1,1,1,1,0,0,0,0,3,1,2,1,0.039473684210526314,0.013157894736842105,0.02631578947368421,0.013157894736842105,5,2,71,14,16,5,463715.0
95,1,1,1,1,0,0,0,0,1,1,2,2,0.010526315789473684,0.010526315789473684,0.021052631578947368,0.021052631578947368,30,54,30,11,13,1,335266.0
80,1,1,1,1,0,0,0,0,2,2,1,2,0.025,0.025,0.0125,0.025,18,10,18,63,21,3,590636.0
22,1,1,1,1,0,0,0,0,1,2,1,2,0.045454545454545456,0.09090909090909091,0.045454545454545456,0.09090909090909091,3,8,11,8,20,6,302451.0
54,1,1,1,1,0,0,0,0,1,1,1,2,0.018518518518518517,0.018518518518518517,0.018518518518518517,0.037037037037037035,7,19,46,39,16,0,340503.0
58,1,1,1,1,0,0,0,0,1,2,2,1,0.017241379310344827,0.034482758620689655,0.034482758620689655,0.017241379310344827,10,19,49,5,21,5,292352.0
60,1,1,1,1,0,0,0,0,3,2,1,1,0.05,0.03333333333333333,0.016666666666666666,0.016666666666666666,20,9,6,59,14,4,131489.0
14,1,1,1,1,0,0,0,0,1,1,1,1,0.07142857142857142,0.07142857142857142,0.07142857142857142,0.07142857142857142,3,8,9,5,14,0,182551.0
97,1,1,1,1,0,0,0,0,3,1,2,2,0.030927835051546393,0.010309278350515464,0.020618556701030927,0.020618556701030927,7,85,41,60,17,2,443631.0
52,1,1,1,1,0,0,0,0,2,1,2,1,0.038461538461538464,0.019230769230769232,0.038461538461538464,0.019230769230769232,4,46,18,34,18,5,378435.0
72,1,1,1,1,0,0,0,0,3,2,1,2,0.041666666666666664,0.027777777777777776,0.013888888888888888,0.027777777777777776,7,65,4,18,10,4,2649.0
6,1,1,1,1,0,0,0,0,2,2,2,1,0.3333333333333333,0.3333333333333333,0.3333333333333333,0.16666666666666666,2,4,3,4,7,1,407588.0
37,1,1,1,1,0,0,0,0,1,1,2,1,0.02702702702702703,0.02702702702702703,0.05405405405405406,0.02702702702702703,1,27,20,17,21,2,346267.0
75,1,1,1,1,0,0,0,0,2,1,2,2,0.02666666666666667,0.013333333333333334,0.02666666666666667,0.02666666666666667,5,13,51,9,21,0,589210.0
68,1,1,1,1,0,0,0,0,2,1,1,2,0.029411764705882353,0.014705882352941176,0.014705882352941176,0.029411764705882353,26,15,37,68,11,4,104170.0
84,1,1,1,1,0,0,0,0,1,1,1,1,0.011904761904761904,0.011904761904761904,0.011904761904761904,0.011904761904761904,8,54,2,83,7,2,562398.0
19,1,1,1,1,0,0,0,0,1,2,1,2,0.05263157894736842,0.10526315789473684,0.05263157894736842,0.10526315789473684,5,17,5,3,22,5,550969.0
35,1,1,1,1,0,0,0,0,2,2,1,1,0.05714285714285714,0.05714285714285714,0.02857142857142857,0.02857142857142857,7,22,2,12,11,0,74245.0
52,1,1,1,1,0,0,0,0,1,1,2,2,0.019230769230769232,0.019230769230769232,0.038461538461538464,0.038461538461538464,3,23,6,23,14,5,267525.0
93,1,1,1,1,0,0,0,0,1,1,1,1,0.010752688172043012,0.010752688172043012,0.010752688172043012,0.010752688172043012,9,9,22,91,19,0,553662.0
24,1,1,1,1,0,0,0,0,2,1,1,2,0.08333333333333333,0.041666666666666664,0.041666666666666664,0.08333333333333333,9,15,16,18,9,2,65183.0
71,1,1,1,1,0,0,0,0,2,2,2,1,0.028169014084507043,0.028169014084507043,0.028169014084507043,0.014084507042253521,5,70,21,8,11,6,158077.0
98,1,1,1,1,0,0,0,0,2,2,2,1,0.02040816326530612,0.02040816326530612,0.02040816326530612,0.01020408163265306,25,41,20,54,8,4,497077.0
13,1,1,1,1,0,0,0,0,2,2,1,1,0.15384615384615385,0.15384615384615385,0.07692307692307693,0.07692307692307693,2,1,11,6,19,4,529701.0
99,1,1,1,1,0,0,0,0,2,1,1,2,0.020202020202020204,0.010101010101010102,0.010101010101010102,0.020202020202020204,21,52,20,99,17,2,353874.0
43,1,1,1,1,0,0,0,0,1,2,2,2,0.023255813953488372,0.046511627906976744,0.046511627906976744,0.046511627906976744,8,12,3,32,12,6,526097.0
17,1,1,1,1,0,0,0,0,3,1,1,1,0.17647058823529413,0.058823529411764705,0.058823529411764705,0.058823529411764705,8,12,15,11,20,5,519961.0
44,1,1,1,1,0,0,0,0,2,2,2,2,0.045454545454545456,0.045454545454545456,0.045454545454545456,0.045454545454545456,13,41,32,33,9,3,442363.0
77,1,1,1,1,0,0,0,0,3,1,1,2,0.03896103896103896,0.012987012987012988,0.012987012987012988,0.025974025974025976,38,14,30,74,10,5,67963.0
21,1,1,1,1,0,0,0,0,3,2,2,2,0.14285714285714285,0.09523809523809523,0.09523809523809523,0.09523809523809523,4,11,13,16,12,4,271199.0
56,1,1,1,1,0,0,0,0,3,1,2,2,0.05357142857142857,0.017857142857142856,0.03571428571428571,0.03571428571428571,22,56,33,16,22,4,146050.0
35,1,1,1,1,0,0,0,0,1,2,1,2,0.02857142857142857,0.05714285714285714,0.02857142857142857,0.05714285714285714,10,3,22,27,18,3,202917.0
20,1,1,1,1,0,0,0,0,1,1,2,1,0.05,0.05,0.1,0.05,10,12,6,20,9,6,170455.0
41,1,1,1,1,0,0,0,0,2,2,1,2,0.04878048780487805,0.04878048780487805,0.024390243902439025,0.04878048780487805,7,12,27,29,12,0,239572.0
56,1,1,1,1,0,0,0,0,1,1,2,1,0.017857142857142856,0.017857142857142856,0.03571428571428571,0.017857142857142856,12,43,19,28,8,5,383575.0
85,1,1,1,1,0,0,0,0,3,1,1,1,0.03529411764705882,0.011764705882352941,0.011764705882352941,0.011764705882352941,7,46,13,79,16,1,557164.0
78,1,1,1,1,0,0,0,0,2,1,1,2,0.02564102564102564,0.01282051282051282,0.01282051282051282,0.02564102564102564,30,21,58,23,10,3,97318.0
43,1,1,1,1,0,0,0,0,2,1,2,1,0.046511627906976744,0.023255813953488372,0.046511627906976744,0.023255813953488372,15,31,29,12,20,1,167651.0
88,1,1,1,1,0,0,0,0,2,2,1,2,0.022727272727272728,0.022727272727272728,0.011363636363636364,0.022727272727272728,39,63,52,75,11,2,42038.0
71,1,1,1,1,0,0,0,0,3,2,2,1,0.04225352112676056,0.028169014084507043,0.028169014084507043,0.014084507042253521,24,55,15,34,21,2,455524.0
55,1,1,1,1,0,0,0,0,2,2,2,2,0.03636363636363636,0.03636363636363636,0.03636363636363636,0.03636363636363636,25,17,52,35,16,2,252036.0
66,1,1,1,1,0,0,0,0,2,1,2,1,0.030303030303030304,0.015151515151515152,0.030303030303030304,0.015151515151515152,22,3,6,56,9,5,544438.0
50,1,1,1,1,0,0,0,0,3,1,2,1,0.06,0.02,0.04,0.02,11,20,40,3,20,0,190974.0
61,1,1,1,1,0,0,0,0,1,1,2,2,0.01639344262295082,0.01639344262295082,0.03278688524590164,0.03278688524590164,1,37,37,5,17,3,412365.0
33,1,1,1,1,0,0,0,0,1,2,2,1,0.030303030303030304,0.06060606060606061,0.06060606060606061,0.030303030303030304,4,20,28,7,10,5,421386.0
90,1,1,1,1,0,0,0,0,3,2,1,1,0.03333333333333333,0.022222222222222223,0.011111111111111112,0.011111111111111112,11,5,71,60,8,1,115420.0
43,1,1,1,1,0,0,0,0,2,1,2,1,0.046511627906976744,0.023255813953488372,0.046511627906976744,0.023255813953488372,12,19,17,36,22,0,280484.0
16,1,1,1,1,0,0,0,0,2,2,1,1,0.125,0.125,0.0625,0.0625,3,5,6,6,18,0,24754.0
54,1,1,1,1,0,0,0,0,3,1,1,2,0.05555555555555555,0.018518518518518517,0.018518518518518517,0.037037037037037035,11,40,8,7,15,2,441127.0
53,1,1,1,1,0,0,0,0,2,1,1,2,0.03773584905660377,0.018867924528301886,0.018867924528301886,0.03773584905660377,6,27,44,48,11,0,468553.0
70,1,1,1,1,0,0,0,0,1,2,1,2,0.014285714285714285,0.02857142857142857,0.014285714285714285,0.02857142857142857,26,21,33,24,7,0,580575.0
48,1,1,1,1,0,0,0,0,1,1,1,2,0.020833333333333332,0.020833333333333332,0.020833333333333332,0.041666666666666664,10,48,24,37,19,0,3743.0
92,1,1,1,1,0,0,0,0,3,1,2,2,0.03260869565217391,0.010869565217391304,0.021739130434782608,0.021739130434782608,44,28,76,60,21,1,363509.0
7,1,1,1,1,0,0,0,0,2,1,1,2,0.2857142857142857,0.14285714285714285,0.14285714285714285,0.2857142857142857,2,3,3,3,18,1,55604.0
53,1,1,1,1,0,0,0,0,3,1,1,1,0.05660377358490566,0.018867924528301886,0.018867924528301886,0.018867924528301886,25,41,9,4,9,2,491033.0
20,1,1,1,1,0,0,0,0,3,1,2,1,0.15,0.05,0.1,0.05,10,10,6,5,20,2,212952.0
74,1,1,1,1,0,0,0,0,2,2,1,1,0.02702702702702703,0.02702702702702703,0.013513513513513514,0.013513513513513514,1,3,43,39,18,6,105618.0
95,1,1,1,1,0,0,0,0,3,2,2,1,0.031578947368421054,0.021052631578947368,0.021052631578947368,0.010526315789473684,9,2,62,42,10,0,38481.0
65,1,1,1,1,0,0,0,0,3,2,1,1,0.046153846153846156,0.03076923076923077,0.015384615384615385,0.015384615384615385,4,49,49,20,7,2,489759.0
18,1,1,1,1,0,0,0,0,3,1,1,2,0.16666666666666666,0.05555555555555555,0.05555555555555555,0.1111111111111111,5,13,2,7,17,4,38116.0
62,1,1,1,1,0,0,0,0,3,2,1,2,0.04838709677419355,0.03225806451612903,0.016129032258064516,0.03225806451612903,22,4,8,58,10,0,272767.0
54,1,1,1,1,0,0,0,0,2,2,2,2,0.037037037037037035,0.037037037037037035,0.037037037037037035,0.037037037037037035,1,5,1,22,12,6,221489.0
7,1,1,1,1,0,0,0,0,3,1,2,2,0.42857142857142855,0.14285714285714285,0.2857142857142857,0.2857142857142857,3,6,2,5,13,4,451126.0
52,1,1,1,1,0,0,0,0,1,2,2,2,0.019230769230769232,0.038461538461538464,0.038461538461538464,0.038461538461538464,7,44,17,24,20,2,151552.0
91,1,1,1,1,0,0,0,0,3,1,1,1,0.03296703296703297,0.01098901098901099,0.01098901098901099,0.01098901098901099,2,51,24,78,9,4,306558.0
63,1,1,1,1,0,0,0,0,1,1,2,1,0.015873015873015872,0.015873015873015872,0.031746031746031744,0.015873015873015872,28,34,23,2,9,3,241971.0
87,1,1,1,1,0,0,0,0,3,1,2,1,0.034482758620689655,0.011494252873563218,0.022988505747126436,0.011494252873563218,5,58,47,8,14,5,197877.0
38,1,1,1,1,0,0,0,0,1,1,2,2,0.02631578947368421,0.02631578947368421,0.05263157894736842,0.05263157894736842,4,19,8,17,9,4,344878.0
65,1,1,1,1,0,0,0,0,2,1,1,1,0.03076923076923077,0.015384615384615385,0.015384615384615385,0.015384615384615385,14,30,44,4,11,5,553545.0
93,1,1,1,1,0,0,0,0,1,1,1,1,0.010752688172043012,0.010752688172043012,0.010752688172043012,0.010752688172043012,44,83,76,68,12,3,508907.0
82,1,1,1,1,0,0,0,0,2,2,1,1,0.024390243902439025,0.024390243902439025,0.012195121951219513,0.012195121951219513,35,31,62,38,11,1,366942.0
50,1,1,1,1,0,0,0,0,2,2,1,1,0.04,0.04,0.02,0.02,25,34,28,1,16,3,362838.0
8,1,1,1,1,0,0,0,0,2,2,1,1,0.25,0.25,0.125,0.125,4,6,5,7,17,0,275091.0
89,1,1,1,1,0,0,0,0,1,2,1,1,0.011235955056179775,0.02247191011235955,0.011235955056179775,0.011235955056179775,16,55,16,21,17,1,531628.0
87,1,1,1,1,0,0,0,0,1,2,1,1,0.011494252873563218,0.022988505747126436,0.011494252873563218,0.011494252873563218,29,26,13,23,21,1,220092.0
64,1,1,1,1,0,0,0,0,1,1,1,2,0.015625,0.015625,0.015625,0.03125,30,49,16,40,17,6,94499.0
74,1,1,1,1,0,0,0,0,1,2,2,1,0.013513513513513514,0.02702702702702703,0.02702702702702703,0.013513513513513514,6,61,2,51,15,2,521785.0
85,1,1,1,1,0,0,0,0,1,1,1,1,0.011764705882352941,0.011764705882352941,0.011764705882352941,0.011764705882352941,42,51,58,20,20,5,454908.0
49,1,1,1,1,0,0,0,0,3,2,1,2,0.061224489795918366,0.04081632653061224,0.02040816326530612,0.04081632653061224,8,47,36,37,18,3,574918.0
24,1,1,1,1,0,0,0,0,2,1,1,2,0.08333333333333333,0.041666666666666664,0.041666666666666664,0.08333333333333333,6,23,15,10,13,4,478489.0
31,1,1,1,1,0,0,0,0,2,2,1,2,0.06451612903225806,0.06451612903225806,0.03225806451612903,0.06451612903225806,9,8,20,22,21,0,250254.0
22,1,1,1,1,0,0,0,0,2,2,1,2,0.09090909090909091,0.09090909090909091,0.045454545454545456,0.09090909090909091,6,10,2,7,21,3,550622.0
55,1,1,1,1,0,0,0,0,2,1,2,1,0.03636363636363636,0.01818181818181818,0.03636363636363636,0.01818181818181818,2,27,33,31,13,2,428847.0
62,1,1,1,1,0,0,0,0,1,1,2,2,0.016129032258064516,0.016129032258064516,0.03225806451612903,0.03225806451612903,9,58,41,28,17,6,137240.0
19,1,1,1,1,0,0,0,0,2,1,2,2,0.10526315789473684,0.05263157894736842,0.10526315789473684,0.10526315789473684,6,19,2,13,14,1,188600.0
56,1,1,1,1,0,0,0,0,2,1,2,2,0.03571428571428571,0.017857142857142856,0.03571428571428571,0.03571428571428571,1,50,35,20,18,4,464941.0
12,1,1,1,1,0,0,0,0,1,2,1,1,0.08333333333333333,0.16666666666666666,0.08333333333333333,0.08333333333333333,3,9,3,12,13,1,43074.0
86,1,1,1,1,0,0,0,0,1,1,2,2,0.011627906976744186,0.011627906976744186,0.023255813953488372,0.023255813953488372,12,10,62,43,7,1,340349.0
20,1,1,1,1,0,0,0,0,2,1,2,2,0.1,0.05,0.1,0.1,8,2,8,6,16,5,137667.0
78,1,1,1,1,0,0,0,0,2,2,1,2,0.02564102564102564,0.02564102564102564,0.01282051282051282,0.02564102564102564,17,22,15,77,21,0,269109.0
74,1,1,1,1,0,0,0,0,2,1,1,1,0.02702702702702703,0.013513513513513514,0.013513513513513514,0.013513513513513514,11,72,16,53,21,5,483528.0
20,1,1,1,1,0,0,0,0,1,2,2,2,0.05,0.1,0.1,0.1,5,11,1,6,15,0,78704.0
9,1,1,1,1,0,0,0,0,1,2,2,2,0.1111111111111111,0.2222222222222222,0.2222222222222222,0.2222222222222222,2,6,9,4,17,4,503375.0
97,1,1,1,1,0,0,0,0,2,2,2,2,0.020618556701030927,0.020618556701030927,0.020618556701030927,0.020618556701030927,18,62,54,23,15,4,546618.0
60,1,1,1,1,0,0,0,0,1,2,2,1,0.016666666666666666,0.03333333333333333,0.03333333333333333,0.016666666666666666,23,24,23,51,20,3,225636.0
87,1,1,1,1,0,0,0,0,1,2,2,2,0.011494252873563218,0.022988505747126436,0.022988505747126436,0.022988505747126436,19,73,2,66,8,4,118151.0
96,1,1,1,1,0,0,0,0,3,1,2,1,0.03125,0.010416666666666666,0.020833333333333332,0.010416666666666666,27,9,11,24,15,3,517478.0
20,1,1,1,1,0,0,0,0,3,1,1,1,0.15,0.05,0.05,0.05,2,12,19,14,20,4,32543.0
37,1,1,1,1,0,0,0,0,3,1,1,2,0.08108108108108109,0.02702702702702703,0.02702702702702703,0.05405405405405406,2,36,29,25,15,0,250753.0
81,1,1,1,1,0,0,0,0,3,1,2,2,0.037037037037037035,0.012345679012345678,0.024691358024691357,0.024691358024691357,3,51,50,44,19,6,332963.0
35,1,1,1,1,0,0,0,0,3,2,2,2,0.08571428571428572,0.05714285714285714,0.05714285714285714,0.05714285714285714,2,15,7,19,20,1,602838.0
17,1,1,1,1,0,0,0,0,1,2,1,2,0.058823529411764705,0.11764705882352941,0.058823529411764705,0.11764705882352941,7,6,2,6,8,4,537562.0
99,1,1,1,1,0,0,0,0,3,2,2,2,0.030303030303030304,0.020202020202020204,0.020202020202020204,0.020202020202020204,32,99,32,41,21,2,180710.0
19,1,1,1,1,0,0,0,0,1,2,2,1,0.05263157894736842,0.10526315789473684,0.10526315789473684,0.05263157894736842,7,15,18,15,9,3,575951.0
91,1,1,1,1,0,0,0,0,2,2,2,1,0.02197802197802198,0.02197802197802198,0.02197802197802198,0.01098901098901099,42,16,35,22,18,0,387299.0
87,1,1,1,1,0,0,0,0,3,1,2,1,0.034482758620689655,0.011494252873563218,0.022988505747126436,0.011494252873563218,30,45,6,1,9,6,576968.0
43,1,1,1,1,0,0,0,0,3,1,2,1,0.06976744186046512,0.023255813953488372,0.046511627906976744,0.023255813953488372,1,33,17,13,19,2,455360.0
23,1,1,1,1,0,0,0,0,1,1,2,1,0.043478260869565216,0.043478260869565216,0.08695652173913043,0.043478260869565216,2,18,12,10,10,0,32208.0
69,1,1,1,1,0,0,0,0,1,1,2,1,0.014492753623188406,0.014492753623188406,0.028985507246376812,0.014492753623188406,26,24,65,57,14,4,249994.0
94,1,1,1,1,0,0,0,0,2,2,2,2,0.02127659574468085,0.02127659574468085,0.02127659574468085,0.02127659574468085,17,79,71,77,19,1,529718.0
84,1,1,1,1,0,0,0,0,1,2,2,1,0.011904761904761904,0.023809523809523808,0.023809523809523808,0.011904761904761904,10,31,4,59,18,4,332050.0
39,1,1,1,1,0,0,0,0,3,2,1,1,0.07692307692307693,0.05128205128205128,0.02564102564102564,0.02564102564102564,19,34,39,8,14,0,523800.0
54,1,1,1,1,0,0,0,0,1,1,2,2,0.018518518518518517,0.018518518518518517,0.037037037037037035,0.037037037037037035,24,53,44,43,19,6,280070.0
77,1,1,1,1,0,0,0,0,3,1,2,1,0.03896103896103896,0.012987012987012988,0.025974025974025976,0.012987012987012988,6,14,9,70,19,0,378303.0
67,1,1,1,1,0,0,0,0,2,2,2,2,0.029850746268656716,0.029850746268656716,0.029850746268656716,0.029850746268656716,22,39,27,60,13,5,366075.0
70,1,1,1,1,0,0,0,0,3,2,2,2,0.04285714285714286,0.02857142857142857,0.02857142857142857,0.02857142857142857,18,24,51,62,18,5,502203.0
39,1,1,1,1,0,0,0,0,1,1,2,2,0.02564102564102564,0.02564102564102564,0.05128205128205128,0.05128205128205128,10,31,3,26,17,3,433380.0
51,1,1,1,1,0,0,0,0,2,2,2,1,0.0392156862745098,0.0392156862745098,0.0392156862745098,0.0196078431372549,8,22,11,18,12,2,248033.0
52,1,1,1,1,0,0,0,0,3,1,2,1,0.057692307692307696,0.019230769230769232,0.038461538461538464,0.019230769230769232,19,6,10,24,12,3,95859.0
49,1,1,1,1,0,0,0,0,3,2,1,1,0.061224489795918366,0.04081632653061224,0.02040816326530612,0.02040816326530612,13,26,39,20,17,6,180498.0
83,1,1,1,1,0,0,0,0,1,1,2,2,0.012048192771084338,0.012048192771084338,0.024096385542168676,0.024096385542168676,23,20,9,76,20,6,310057.0
89,1,1,1,1,0,0,0,0,2,1,1,1,0.02247191011235955,0.011235955056179775,0.011235955056179775,0.011235955056179775,17,84,30,55,11,4,343193.0
19,1,1,1,1,0,0,0,0,2,1,2,2,0.10526315789473684,0.05263157894736842,0.10526315789473684,0.10526315789473684,9,17,5,14,8,6,474985.0
69,1,1,1,1,0,0,0,0,3,2,2,1,0.043478260869565216,0.028985507246376812,0.028985507246376812,0.014492753623188406,1,67,18,30,7,4,496418.0
84,1,1,1,1,0,0,0,0,2,2,2,1,0.023809523809523808,0.023809523809523808,0.023809523809523808,0.011904761904761904,24,79,22,40,16,3,18605.0
32,1,1,1,1,0,0,0,0,2,2,2,2,0.0625,0.0625,0.0625,0.0625,11,19,11,12,20,3,432778.0
16,1,1,1,1,0,0,0,0,1,1,1,2,0.0625,0.0625,0.0625,0.125,6,9,5,10,8,3,93775.0
12,1,1,1,1,0,0,0,0,1,1,1,2,0.08333333333333333,0.08333333333333333,0.08333333333333333,0.16666666666666666,4,6,3,1,18,6,169999.0
24,1,1,1,1,0,0,0,0,1,1,1,1,0.041666666666666664,0.041666666666666664,0.041666666666666664,0.041666666666666664,10,18,24,9,14,2,25477.0
41,1,1,1,1,0,0,0,0,1,1,1,2,0.024390243902439025,0.024390243902439025,0.024390243902439025,0.04878048780487805,17,40,4,5,22,5,355957.0
35,1,1,1,1,0,0,0,0,2,2,2,2,0.05714285714285714,0.05714285714285714,0.05714285714285714,0.05714285714285714,1,25,28,11,8,0,508512.0
47,1,1,1,1,0,0,0,0,2,2,1,1,0.0425531914893617,0.0425531914893617,0.02127659574468085,0.02127659574468085,20,26,2,34,9,5,482536.0
83,1,1,1,1,0,0,0,0,2,1,2,2,0.024096385542168676,0.012048192771084338,0.024096385542168676,0.024096385542168676,27,12,52,49,11,5,80901.0
73,1,1,1,1,0,0,0,0,3,2,1,2,0.0410958904109589,0.0273972602739726,0.0136986301369863,0.0273972602739726,20,41,20,46,11,3,359630.0
66,1,1,1,1,0,0,0,0,3,2,2,2,0.045454545454545456,0.030303030303030304,0.030303030303030304,0.030303030303030304,29,17,20,36,14,4,5704.0
18,1,1,1,1,0,0,0,0,3,2,1,1,0.16666666666666666,0.1111111111111111,0.05555555555555555,0.05555555555555555,6,9,4,10,20,5,494297.0
66,1,1,1,1,0,0,0,0,3,1,1,1,0.045454545454545456,0.015151515151515152,0.015151515151515152,0.015151515151515152,33,43,17,57,11,4,150843.0
14,1,1,1,1,0,0,0,0,1,1,2,1,0.07142857142857142,0.07142857142857142,0.14285714285714285,0.07142857142857142,2,8,6,9,17,6,505638.0
26,1,1,1,1,0,0,0,0,3,2,2,2,0.11538461538461539,0.07692307692307693,0.07692307692307693,0.07692307692307693,2,10,22,24,7,3,159827.0
20,1,1,1,1,0,0,0,0,1,2,2,2,0.05,0.1,0.1,0.1,4,16,14,19,12,1,275664.0
53,1,1,1,1,0,0,0,0,2,2,1,2,0.03773584905660377,0.03773584905660377,0.018867924528301886,0.03773584905660377,12,12,34,43,15,0,45587.0
45,1,1,1,1,0,0,0,0,3,1,1,2,0.06666666666666667,0.022222222222222223,0.022222222222222223,0.044444444444444446,1,4,8,45,14,1,187772.0
97,1,1,1,1,0,0,0,0,3,1,1,1,0.030927835051546393,0.010309278350515464,0.010309278350515464,0.010309278350515464,38,14,28,34,16,4,483378.0
33,1,1,1,1,0,0,0,0,2,1,1,2,0.06060606060606061,0.030303030303030304,0.030303030303030304,0.06060606060606061,9,16,33,6,22,4,133720.0
69,1,1,1,1,0,0,0,0,3,1,1,2,0.043478260869565216,0.014492753623188406,0.014492753623188406,0.028985507246376812,6,1,46,63,15,0,326154.0
28,1,1,1,1,0,0,0,0,3,2,1,2,0.10714285714285714,0.07142857142857142,0.03571428571428571,0.07142857142857142,10,20,11,16,7,2,228660.0
55,1,1,1,1,0,0,0,0,3,2,1,2,0.05454545454545454,0.03636363636363636,0.01818181818181818,0.03636363636363636,3,27,38,38,22,3,549130.0
97,1,1,1,1,0,0,0,0,2,1,1,2,0.020618556701030927,0.010309278350515464,0.010309278350515464,0.020618556701030927,28,91,80,7,20,2,495247.0
